JvmtiExport can_access_local_variables 0
JvmtiExport can_hotswap_or_post_breakpoint 0
JvmtiExport can_post_on_exceptions 0
# 290 ciObject found
instanceKlass com/mathworks/services/Prefs$pairSet
instanceKlass com/mathworks/util/Log
instanceKlass com/mathworks/util/CharBuffer
instanceKlass java/util/concurrent/LinkedBlockingQueue$Node
instanceKlass java/util/concurrent/BlockingQueue
instanceKlass java/util/concurrent/ThreadPoolExecutor$AbortPolicy
instanceKlass java/util/concurrent/RejectedExecutionHandler
instanceKlass java/util/concurrent/AbstractExecutorService
instanceKlass java/util/concurrent/ExecutorService
instanceKlass java/util/concurrent/Executor
instanceKlass java/util/concurrent/Executors
instanceKlass com/mathworks/util/DaemonThreadFactory
instanceKlass java/util/concurrent/ThreadFactory
instanceKlass com/mathworks/util/ThreadUtils
instanceKlass com/mathworks/services/Prefs$TwoWayMap
instanceKlass sun/net/www/protocol/jar/JarFileFactory
instanceKlass sun/net/www/protocol/jar/URLJarFile$URLJarFileCloseController
instanceKlass com/mathworks/services/Prefs$PrefString
instanceKlass com/mathworks/services/settings/SettingListener
instanceKlass com/mathworks/services/Prefs
instanceKlass com/mathworks/util/PlatformInfo
instanceKlass com/mathworks/services/FontWarningHandler
instanceKlass com/mathworks/util/LanguageUtils
instanceKlass com/mathworks/util/SystemPropertiesInitializer
instanceKlass com/mathworks/util/WebuiStatus
instanceKlass com/mathworks/util/PostVMInit$StartupClass
instanceKlass com/mathworks/util/PostVMInit
instanceKlass sun/awt/HeadlessToolkit$1
instanceKlass java/awt/peer/KeyboardFocusManagerPeer
instanceKlass java/lang/Shutdown$Lock
instanceKlass java/lang/Shutdown
instanceKlass java/lang/ApplicationShutdownHooks$1
instanceKlass java/lang/ApplicationShutdownHooks
instanceKlass sun/awt/windows/WToolkit$$Lambda$6
instanceKlass java/lang/invoke/LambdaForm$DMH
instanceKlass java/lang/invoke/LambdaForm$MH
instanceKlass sun/awt/windows/WToolkit$$Lambda$5
instanceKlass sun/awt/windows/WToolkit$$Lambda$4
instanceKlass sun/awt/windows/WToolkit$$Lambda$3
instanceKlass sun/awt/AWTAutoShutdown
instanceKlass sun/misc/ThreadGroupUtils
instanceKlass sun/java2d/Disposer$$Lambda$2
instanceKlass java/lang/invoke/LambdaForm$DMH
instanceKlass sun/java2d/Disposer$1
instanceKlass sun/java2d/Disposer
instanceKlass sun/awt/windows/WToolkit$ToolkitDisposer
instanceKlass sun/java2d/DisposerRecord
instanceKlass sun/misc/PerformanceLogger$TimeData
instanceKlass sun/misc/PerformanceLogger
instanceKlass sun/awt/SunToolkit$ModalityListenerList
instanceKlass sun/awt/ModalityListener
instanceKlass java/beans/ChangeListenerMap
instanceKlass java/beans/PropertyChangeSupport
instanceKlass sun/awt/windows/WToolkit$2
instanceKlass java/awt/Component$DummyRequestFocusController
instanceKlass sun/awt/RequestFocusController
instanceKlass java/util/EventObject
instanceKlass java/awt/Component$1
instanceKlass sun/awt/AWTAccessor$ComponentAccessor
instanceKlass java/awt/Component$AWTTreeLock
instanceKlass java/awt/Component
instanceKlass java/awt/MenuContainer
instanceKlass java/awt/image/ImageObserver
instanceKlass sun/awt/DisplayChangedListener
instanceKlass sun/awt/image/SurfaceManager
instanceKlass sun/awt/image/SurfaceManager$ImageAccessor
instanceKlass java/awt/ImageCapabilities
instanceKlass java/awt/Image
instanceKlass sun/java2d/DestSurfaceProvider
instanceKlass sun/java2d/loops/RenderCache$Entry
instanceKlass sun/java2d/loops/RenderCache
instanceKlass sun/java2d/pipe/DrawImage
instanceKlass sun/java2d/pipe/GeneralCompositePipe
instanceKlass sun/java2d/pipe/SpanShapeRenderer
instanceKlass sun/java2d/pipe/AlphaPaintPipe
instanceKlass sun/java2d/pipe/AAShapePipe
instanceKlass sun/java2d/pipe/RegionIterator
instanceKlass sun/java2d/pipe/Region
instanceKlass sun/java2d/pipe/SpanClipRenderer
instanceKlass sun/java2d/pipe/PixelToShapeConverter
instanceKlass sun/java2d/pipe/AlphaColorPipe
instanceKlass sun/java2d/pipe/CompositePipe
instanceKlass sun/java2d/pipe/GlyphListPipe
instanceKlass sun/java2d/pipe/OutlineTextRenderer
instanceKlass sun/java2d/pipe/RenderingEngine$1
instanceKlass sun/java2d/pipe/RenderingEngine
instanceKlass sun/java2d/pipe/LoopPipe
instanceKlass sun/java2d/pipe/LoopBasedPipe
instanceKlass sun/java2d/pipe/ParallelogramPipe
instanceKlass sun/java2d/pipe/NullPipe
instanceKlass sun/java2d/pipe/DrawImagePipe
instanceKlass sun/java2d/pipe/TextPipe
instanceKlass sun/java2d/pipe/ShapeDrawPipe
instanceKlass sun/java2d/pipe/PixelFillPipe
instanceKlass sun/java2d/pipe/PixelDrawPipe
instanceKlass sun/java2d/StateTrackableDelegate$2
instanceKlass sun/java2d/StateTrackableDelegate
instanceKlass java/awt/color/ICC_Profile$1
instanceKlass sun/java2d/cmm/ProfileActivator
instanceKlass sun/java2d/cmm/ProfileDeferralMgr
instanceKlass java/awt/color/ICC_Profile
instanceKlass java/awt/color/ColorSpace
instanceKlass java/awt/image/ColorModel$1
instanceKlass java/awt/image/ColorModel
instanceKlass sun/awt/image/PixelConverter
instanceKlass sun/java2d/loops/SurfaceType
instanceKlass sun/java2d/SurfaceData
instanceKlass sun/java2d/Surface
instanceKlass sun/java2d/StateTrackable
instanceKlass sun/java2d/DisposerTarget
instanceKlass java/awt/Transparency
instanceKlass sun/awt/windows/WToolkit$1
instanceKlass sun/util/calendar/CalendarSystem
instanceKlass java/util/Date
instanceKlass sun/util/logging/LoggingSupport$2
instanceKlass java/util/logging/LoggingProxyImpl
instanceKlass sun/util/logging/LoggingProxy
instanceKlass sun/util/logging/LoggingSupport$1
instanceKlass sun/util/logging/LoggingSupport
instanceKlass sun/util/logging/PlatformLogger$LoggerProxy
instanceKlass sun/util/logging/PlatformLogger$1
instanceKlass sun/util/logging/PlatformLogger
instanceKlass java/util/Collections$SynchronizedMap
instanceKlass java/util/concurrent/locks/AbstractQueuedSynchronizer$ConditionObject
instanceKlass java/util/concurrent/locks/Condition
instanceKlass java/util/concurrent/locks/AbstractQueuedSynchronizer$Node
instanceKlass java/util/concurrent/locks/AbstractOwnableSynchronizer
instanceKlass sun/awt/KeyboardFocusManagerPeerProvider
instanceKlass sun/awt/InputMethodSupport
instanceKlass sun/awt/ComponentFactory
instanceKlass sun/awt/WindowClosingListener
instanceKlass sun/awt/WindowClosingSupport
instanceKlass java/awt/Toolkit$2
instanceKlass java/lang/invoke/LambdaForm$MH
instanceKlass java/lang/invoke/LambdaForm$MH
instanceKlass java/lang/invoke/InnerClassLambdaMetafactory$1
instanceKlass java/awt/GraphicsEnvironment$$Lambda$1
instanceKlass java/lang/invoke/InfoFromMemberName
instanceKlass java/lang/invoke/MethodHandleInfo
instanceKlass sun/security/action/GetBooleanAction
instanceKlass sun/security/util/SecurityConstants
instanceKlass java/security/AccessController$1
instanceKlass java/lang/invoke/AbstractValidatingLambdaMetafactory
instanceKlass java/lang/invoke/LambdaForm$BMH
instanceKlass java/lang/invoke/LambdaForm$BMH
instanceKlass java/lang/invoke/LambdaForm$BMH
instanceKlass java/lang/invoke/LambdaForm$BMH
instanceKlass sun/reflect/UnsafeFieldAccessorFactory
instanceKlass jdk/internal/org/objectweb/asm/FieldVisitor
instanceKlass java/lang/invoke/BoundMethodHandle$Factory$1
instanceKlass java/lang/invoke/BoundMethodHandle$SpeciesData$1
instanceKlass java/lang/invoke/LambdaForm$BMH
instanceKlass java/lang/invoke/LambdaForm$MH
instanceKlass java/lang/invoke/LambdaForm$BMH
instanceKlass java/lang/invoke/LambdaForm$MH
instanceKlass java/lang/invoke/LambdaForm$DMH
instanceKlass java/lang/invoke/LambdaForm$DMH
instanceKlass java/lang/invoke/LambdaForm$BMH
instanceKlass java/lang/invoke/LambdaForm$BMH
instanceKlass java/lang/invoke/LambdaForm$MH
instanceKlass java/lang/invoke/LambdaFormBuffer
instanceKlass java/lang/invoke/LambdaFormEditor
instanceKlass java/lang/invoke/LambdaForm$BMH
instanceKlass java/lang/invoke/LambdaForm$DMH
instanceKlass java/lang/invoke/LambdaForm$DMH
instanceKlass java/lang/invoke/LambdaForm$DMH
instanceKlass java/lang/invoke/LambdaForm$DMH
instanceKlass java/lang/invoke/LambdaForm$MH
instanceKlass java/lang/invoke/LambdaForm$DMH
instanceKlass java/lang/invoke/LambdaForm$DMH
instanceKlass java/lang/invoke/LambdaForm$MH
instanceKlass java/lang/invoke/LambdaForm$DMH
instanceKlass java/lang/invoke/LambdaForm$DMH
instanceKlass java/lang/invoke/LambdaForm$MH
instanceKlass java/lang/invoke/LambdaForm$DMH
instanceKlass java/lang/invoke/LambdaForm$DMH
instanceKlass java/lang/invoke/LambdaForm$MH
instanceKlass java/lang/invoke/LambdaForm$DMH
instanceKlass java/lang/invoke/LambdaForm$DMH
instanceKlass java/lang/invoke/LambdaForm$MH
instanceKlass java/lang/invoke/LambdaForm$DMH
instanceKlass java/lang/invoke/LambdaForm$MH
instanceKlass java/lang/invoke/LambdaForm$DMH
instanceKlass java/lang/invoke/LambdaForm$DMH
instanceKlass java/lang/invoke/LambdaForm$MH
instanceKlass java/lang/invoke/LambdaForm$DMH
instanceKlass java/lang/invoke/LambdaForm$DMH
instanceKlass java/lang/invoke/LambdaForm$MH
instanceKlass java/lang/invoke/LambdaForm$DMH
instanceKlass java/lang/invoke/LambdaForm$MH
instanceKlass java/lang/invoke/LambdaForm$DMH
instanceKlass java/lang/invoke/LambdaForm$MH
instanceKlass java/lang/invoke/LambdaForm$DMH
instanceKlass java/lang/invoke/MethodHandleImpl$Lazy
instanceKlass java/lang/invoke/LambdaForm$BMH
instanceKlass java/lang/invoke/LambdaForm$MH
instanceKlass java/lang/invoke/LambdaForm$DMH
instanceKlass java/lang/invoke/LambdaForm$DMH
instanceKlass java/lang/invoke/LambdaForm$DMH
instanceKlass java/lang/invoke/LambdaForm$DMH
instanceKlass java/lang/invoke/LambdaForm$DMH
instanceKlass java/util/SubList$1
instanceKlass java/util/ListIterator
instanceKlass java/util/ArrayList$Itr
instanceKlass java/lang/invoke/LambdaForm$MH
instanceKlass java/lang/invoke/LambdaForm$MH
instanceKlass java/lang/invoke/LambdaForm$MH
instanceKlass java/lang/invoke/LambdaForm$MH
instanceKlass java/lang/invoke/LambdaForm$MH
instanceKlass java/lang/invoke/LambdaForm$MH
instanceKlass java/lang/invoke/LambdaForm$MH
instanceKlass java/lang/invoke/LambdaForm$MH
instanceKlass java/lang/invoke/LambdaForm$MH
instanceKlass java/lang/invoke/LambdaForm$MH
instanceKlass java/lang/invoke/LambdaForm$MH
instanceKlass java/lang/invoke/LambdaForm$MH
instanceKlass java/lang/invoke/InvokerBytecodeGenerator$CpPatch
instanceKlass java/lang/invoke/LambdaForm$DMH
instanceKlass java/lang/invoke/LambdaForm$DMH
instanceKlass java/lang/invoke/LambdaForm$DMH
instanceKlass java/lang/invoke/LambdaForm$DMH
instanceKlass java/lang/invoke/LambdaForm$DMH
instanceKlass java/lang/invoke/LambdaForm$DMH
instanceKlass java/util/HashMap$HashIterator
instanceKlass sun/invoke/empty/Empty
instanceKlass sun/invoke/util/VerifyType
instanceKlass java/lang/invoke/InvokerBytecodeGenerator$2
instanceKlass jdk/internal/org/objectweb/asm/AnnotationVisitor
instanceKlass jdk/internal/org/objectweb/asm/Frame
instanceKlass jdk/internal/org/objectweb/asm/Label
instanceKlass jdk/internal/org/objectweb/asm/Type
instanceKlass jdk/internal/org/objectweb/asm/MethodVisitor
instanceKlass jdk/internal/org/objectweb/asm/Item
instanceKlass jdk/internal/org/objectweb/asm/ByteVector
instanceKlass jdk/internal/org/objectweb/asm/ClassVisitor
instanceKlass java/lang/invoke/InvokerBytecodeGenerator
instanceKlass java/util/AbstractList$Itr
instanceKlass java/util/Collections$UnmodifiableCollection$1
instanceKlass java/lang/invoke/DirectMethodHandle$Lazy
instanceKlass sun/invoke/util/BytecodeDescriptor
instanceKlass java/lang/invoke/BoundMethodHandle$Factory
instanceKlass java/lang/invoke/BoundMethodHandle$SpeciesData
instanceKlass java/lang/invoke/LambdaForm$NamedFunction
instanceKlass java/lang/invoke/LambdaForm$Name
instanceKlass sun/invoke/util/ValueConversions
instanceKlass sun/invoke/util/VerifyAccess
instanceKlass java/lang/Long$LongCache
instanceKlass java/lang/Character$CharacterCache
instanceKlass java/lang/Short$ShortCache
instanceKlass java/lang/Byte$ByteCache
instanceKlass sun/invoke/util/Wrapper$Format
instanceKlass java/lang/invoke/MethodHandles
instanceKlass java/lang/Void
instanceKlass java/lang/invoke/Invokers
instanceKlass java/lang/invoke/MethodTypeForm
instanceKlass java/lang/invoke/MethodType$ConcurrentWeakInternSet
instanceKlass java/lang/invoke/MethodHandles$Lookup
instanceKlass java/lang/invoke/LambdaMetafactory
instanceKlass java/awt/GraphicsEnvironment
instanceKlass java/util/Properties$LineReader
instanceKlass java/awt/Toolkit$1
instanceKlass java/awt/Toolkit$3
instanceKlass java/net/URLClassLoader$2
instanceKlass java/util/ResourceBundle$Control$1
instanceKlass java/util/jar/JarVerifier$3
instanceKlass java/security/CodeSigner
instanceKlass java/util/jar/JarVerifier
instanceKlass java/nio/file/attribute/FileTime
instanceKlass java/util/zip/ZipUtils
instanceKlass java/util/LinkedList$Node
instanceKlass java/util/ResourceBundle$CacheKeyReference
instanceKlass java/util/ResourceBundle$CacheKey
instanceKlass java/net/URLClassLoader$3$1
instanceKlass sun/misc/CompoundEnumeration
instanceKlass java/net/URLClassLoader$3
instanceKlass sun/misc/URLClassPath$1
instanceKlass java/lang/ClassLoader$2
instanceKlass sun/misc/URLClassPath$2
instanceKlass sun/misc/Launcher$BootClassPathHolder$1
instanceKlass sun/misc/Launcher$BootClassPathHolder
instanceKlass java/util/ServiceLoader$1
instanceKlass java/util/ServiceLoader$LazyIterator
instanceKlass java/util/ServiceLoader
instanceKlass java/util/spi/ResourceBundleControlProvider
instanceKlass java/util/ResourceBundle
instanceKlass java/util/ResourceBundle$Control
instanceKlass java/awt/Toolkit$5
instanceKlass sun/awt/AWTAccessor
instanceKlass java/awt/Toolkit$4
instanceKlass sun/awt/AWTAccessor$ToolkitAccessor
instanceKlass java/awt/Toolkit
instanceKlass com/mathworks/jmi/bean/IMatlabObjectListener
instanceKlass java/beans/PropertyChangeListener
instanceKlass com/mathworks/jmi/bean/UDDObject
instanceKlass com/mathworks/jmi/bean/DynamicProperties
instanceKlass com/mathworks/jmi/bean/MTObject
instanceKlass com/mathworks/services/Browseable
instanceKlass com/mathworks/jmi/bean/TreeObject
instanceKlass com/mathworks/jmi/types/MLArrayRef
instanceKlass com/mathworks/jmi/idlebusy/MatlabIdleBusyStatusEvent
instanceKlass com/mathworks/mvm/eventmgr/FirableMvmEvent
instanceKlass com/mathworks/mvm/eventmgr/MvmTypedEvent
instanceKlass com/mathworks/mvm/eventmgr/MvmEvent
instanceKlass java/lang/ClassLoaderHelper
instanceKlass com/mathworks/util/NativeJavaSwitch
instanceKlass com/mathworks/util/ClassLoaderBridge
instanceKlass com/mathworks/jmi/Matlab$2
instanceKlass com/mathworks/util/FactoryUtilAdapter
instanceKlass com/mathworks/jmi/Matlab$MatlabQuitListener
instanceKlass com/mathworks/jmi/MatlabLooper
instanceKlass com/mathworks/util/ClassLoaderSupplier
instanceKlass com/mathworks/util/FactoryUtilSupplier
instanceKlass com/mathworks/jmi/MatlabListener
instanceKlass com/mathworks/jmi/CompletionObserver
instanceKlass java/util/TimerTask
instanceKlass com/mathworks/util/event/GlobalEventListener
instanceKlass java/util/EventListener
instanceKlass com/mathworks/jmi/Matlab
instanceKlass com/mathworks/mvm/helpers/MatlabPrintStreamManager
instanceKlass com/mathworks/jmi/MatlabLanguage
instanceKlass com/mathworks/jmi/NativeMatlab$MCRIDGetter
instanceKlass com/mathworks/jmi/NativeMatlab
instanceKlass com/mathworks/util/FactoryUtils
instanceKlass java/io/ObjectStreamConstants
instanceKlass java/io/ObjectInput
instanceKlass java/io/DataInput
instanceKlass com/mathworks/jmi/OpaqueJavaInterface
instanceKlass java/io/FilePermission$1
instanceKlass sun/net/www/MessageHeader
instanceKlass java/net/URLConnection
instanceKlass java/security/PermissionCollection
instanceKlass sun/nio/ByteBuffered
instanceKlass java/lang/Package
instanceKlass java/util/jar/Attributes$Name
instanceKlass java/util/jar/Attributes
instanceKlass sun/misc/Resource
instanceKlass sun/misc/IOUtils
instanceKlass java/util/zip/ZStreamRef
instanceKlass java/util/zip/Inflater
instanceKlass java/util/zip/ZipEntry
instanceKlass sun/misc/ExtensionDependency
instanceKlass sun/misc/JarIndex
instanceKlass sun/nio/ch/DirectBuffer
instanceKlass sun/misc/PerfCounter$CoreCounters
instanceKlass sun/misc/Perf
instanceKlass sun/misc/Perf$GetPerfAction
instanceKlass sun/misc/PerfCounter
instanceKlass java/util/zip/ZipCoder
instanceKlass java/util/Deque
instanceKlass java/util/Queue
instanceKlass java/nio/charset/StandardCharsets
instanceKlass java/util/jar/JavaUtilJarAccessImpl
instanceKlass sun/misc/JavaUtilJarAccess
instanceKlass sun/misc/FileURLMapper
instanceKlass sun/misc/URLClassPath$JarLoader$1
instanceKlass sun/nio/cs/ThreadLocalCoders$Cache
instanceKlass sun/nio/cs/ThreadLocalCoders
instanceKlass java/util/zip/ZipFile$1
instanceKlass sun/misc/JavaUtilZipFileAccess
instanceKlass java/util/zip/ZipFile
instanceKlass java/util/zip/ZipConstants
instanceKlass sun/misc/URLClassPath$Loader
instanceKlass sun/misc/URLClassPath$3
instanceKlass sun/net/util/URLUtil
instanceKlass java/net/URLClassLoader$1
instanceKlass java/io/FileOutputStream$1
instanceKlass sun/usagetracker/UsageTrackerClient$3
instanceKlass sun/usagetracker/UsageTrackerClient$2
instanceKlass sun/usagetracker/UsageTrackerClient$4
instanceKlass sun/usagetracker/UsageTrackerClient$1
instanceKlass java/util/concurrent/atomic/AtomicBoolean
instanceKlass sun/usagetracker/UsageTrackerClient
instanceKlass sun/misc/PostVMInitHook$1
instanceKlass jdk/internal/util/EnvUtils
instanceKlass sun/misc/PostVMInitHook$2
instanceKlass sun/misc/PostVMInitHook
instanceKlass java/lang/invoke/MethodHandleStatics$1
instanceKlass java/lang/invoke/MethodHandleStatics
instanceKlass java/lang/invoke/MemberName$Factory
instanceKlass java/lang/ClassValue$Version
instanceKlass java/lang/ClassValue$Identity
instanceKlass java/lang/ClassValue
instanceKlass java/lang/invoke/MethodHandleImpl$3
instanceKlass java/lang/invoke/MethodHandleImpl$2
instanceKlass java/util/function/Function
instanceKlass java/lang/invoke/MethodHandleImpl$1
instanceKlass java/lang/Integer$IntegerCache
instanceKlass java/lang/invoke/MethodHandleImpl
instanceKlass java/lang/SystemClassLoaderAction
instanceKlass java/util/LinkedHashMap$LinkedHashIterator
instanceKlass sun/misc/Launcher$AppClassLoader$1
instanceKlass sun/misc/URLClassPath
instanceKlass java/security/Principal
instanceKlass java/security/ProtectionDomain$Key
instanceKlass java/security/ProtectionDomain$2
instanceKlass sun/misc/JavaSecurityProtectionDomainAccess
instanceKlass java/security/ProtectionDomain$JavaSecurityAccessImpl
instanceKlass sun/misc/JavaSecurityAccess
instanceKlass java/net/URLStreamHandler
instanceKlass java/net/Parts
instanceKlass java/util/BitSet
instanceKlass sun/net/www/ParseUtil
instanceKlass java/io/FileInputStream$1
instanceKlass sun/util/locale/LocaleUtils
instanceKlass java/util/Locale$LocaleKey
instanceKlass sun/util/locale/BaseLocale$Key
instanceKlass sun/util/locale/BaseLocale
instanceKlass java/util/concurrent/ConcurrentHashMap$CollectionView
instanceKlass java/util/concurrent/ConcurrentHashMap$CounterCell
instanceKlass java/util/concurrent/ConcurrentHashMap$Node
instanceKlass java/util/concurrent/locks/ReentrantLock
instanceKlass java/util/concurrent/locks/Lock
instanceKlass java/util/concurrent/ConcurrentMap
instanceKlass sun/util/locale/LocaleObjectCache
instanceKlass java/util/Locale
instanceKlass java/lang/reflect/Array
instanceKlass java/io/Reader
instanceKlass sun/misc/MetaIndex
instanceKlass java/util/StringTokenizer
instanceKlass sun/misc/Launcher$ExtClassLoader$1
instanceKlass java/net/URLClassLoader$7
instanceKlass sun/misc/JavaNetAccess
instanceKlass java/lang/ClassLoader$ParallelLoaders
instanceKlass sun/security/util/Debug
instanceKlass sun/misc/Launcher$Factory
instanceKlass java/net/URLStreamHandlerFactory
instanceKlass java/lang/Compiler$1
instanceKlass java/lang/Compiler
instanceKlass java/lang/System$2
instanceKlass sun/misc/JavaLangAccess
instanceKlass sun/io/Win32ErrorMode
instanceKlass sun/misc/OSEnvironment
instanceKlass sun/misc/NativeSignalHandler
instanceKlass sun/misc/Signal
instanceKlass java/lang/Terminator$1
instanceKlass sun/misc/SignalHandler
instanceKlass java/lang/Terminator
instanceKlass java/lang/ClassLoader$NativeLibrary
instanceKlass java/io/ExpiringCache$Entry
instanceKlass java/lang/ClassLoader$3
instanceKlass java/nio/charset/CoderResult$Cache
instanceKlass java/nio/charset/CoderResult
instanceKlass java/lang/Readable
instanceKlass java/lang/StringCoding$StringEncoder
instanceKlass java/nio/file/Path
instanceKlass java/nio/file/Watchable
instanceKlass java/lang/Enum
instanceKlass java/io/ExpiringCache
instanceKlass java/io/FileSystem
instanceKlass java/io/DefaultFileSystem
instanceKlass java/lang/Runtime
instanceKlass java/nio/Bits$1
instanceKlass sun/misc/JavaNioAccess
instanceKlass java/nio/ByteOrder
instanceKlass java/nio/Bits
instanceKlass java/nio/charset/CharsetEncoder
instanceKlass sun/nio/cs/ArrayEncoder
instanceKlass sun/security/action/GetPropertyAction
instanceKlass java/io/Writer
instanceKlass sun/reflect/misc/ReflectUtil
instanceKlass java/util/concurrent/atomic/AtomicReferenceFieldUpdater$AtomicReferenceFieldUpdaterImpl$1
instanceKlass java/security/PrivilegedExceptionAction
instanceKlass java/util/concurrent/atomic/AtomicReferenceFieldUpdater
instanceKlass java/io/OutputStream
instanceKlass java/io/Flushable
instanceKlass java/io/FileDescriptor$1
instanceKlass sun/misc/JavaIOFileDescriptorAccess
instanceKlass java/io/FileDescriptor
instanceKlass sun/misc/Version
instanceKlass java/lang/CharacterData
instanceKlass java/util/Hashtable$Enumerator
instanceKlass java/util/Iterator
instanceKlass java/util/Enumeration
instanceKlass java/util/Objects
instanceKlass java/util/Collections$SynchronizedCollection
instanceKlass java/nio/charset/CodingErrorAction
instanceKlass java/nio/charset/CharsetDecoder
instanceKlass sun/nio/cs/ArrayDecoder
instanceKlass sun/nio/cs/ext/DelegatableDecoder
instanceKlass sun/nio/cs/ext/DoubleByte
instanceKlass java/lang/StringCoding$StringDecoder
instanceKlass java/lang/ThreadLocal$ThreadLocalMap
instanceKlass java/lang/StringCoding
instanceKlass sun/nio/cs/HistoricallyNamedCharset
instanceKlass java/util/TreeMap$Entry
instanceKlass sun/misc/ASCIICaseInsensitiveComparator
instanceKlass java/util/NavigableMap
instanceKlass java/util/SortedMap
instanceKlass sun/reflect/ReflectionFactory$1
instanceKlass java/lang/Class$1
instanceKlass java/nio/charset/Charset$ExtendedProviderHolder$1
instanceKlass java/nio/charset/Charset$ExtendedProviderHolder
instanceKlass java/util/Arrays
instanceKlass java/lang/reflect/ReflectAccess
instanceKlass sun/reflect/LangReflectAccess
instanceKlass java/lang/reflect/Modifier
instanceKlass sun/reflect/annotation/AnnotationType
instanceKlass java/lang/Class$AnnotationData
instanceKlass sun/reflect/generics/repository/AbstractRepository
instanceKlass java/lang/Class$Atomic
instanceKlass java/lang/Class$ReflectionData
instanceKlass java/lang/Class$3
instanceKlass java/lang/ThreadLocal
instanceKlass java/nio/charset/spi/CharsetProvider
instanceKlass java/nio/charset/Charset
instanceKlass java/lang/Math
instanceKlass java/util/Hashtable$Entry
instanceKlass sun/misc/VM
instanceKlass java/util/HashMap$Node
instanceKlass java/util/Map$Entry
instanceKlass sun/reflect/Reflection
instanceKlass sun/misc/SharedSecrets
instanceKlass java/lang/ref/Reference$1
instanceKlass sun/misc/JavaLangRefAccess
instanceKlass java/lang/ref/ReferenceQueue$Lock
instanceKlass java/util/Collections$UnmodifiableCollection
instanceKlass java/util/AbstractMap
instanceKlass java/util/Set
instanceKlass java/util/Collections
instanceKlass java/lang/ref/Reference$Lock
instanceKlass sun/reflect/ReflectionFactory
instanceKlass java/util/AbstractCollection
instanceKlass java/util/RandomAccess
instanceKlass java/util/List
instanceKlass java/util/Collection
instanceKlass java/lang/Iterable
instanceKlass java/security/cert/Certificate
instanceKlass sun/reflect/ReflectionFactory$GetReflectionFactoryAction
instanceKlass java/security/PrivilegedAction
instanceKlass java/security/AccessController
instanceKlass java/security/Permission
instanceKlass java/security/Guard
instanceKlass java/lang/String$CaseInsensitiveComparator
instanceKlass java/util/Comparator
instanceKlass java/io/ObjectStreamField
instanceKlass java/lang/Number
instanceKlass java/lang/Character
instanceKlass java/lang/Boolean
instanceKlass java/nio/Buffer
instanceKlass java/lang/StackTraceElement
instanceKlass java/security/CodeSource
instanceKlass sun/misc/Launcher
instanceKlass java/util/jar/Manifest
instanceKlass java/net/URL
instanceKlass java/io/File
instanceKlass java/io/InputStream
instanceKlass java/io/Closeable
instanceKlass java/lang/AutoCloseable
instanceKlass sun/misc/Unsafe
instanceKlass java/lang/AbstractStringBuilder
instanceKlass java/lang/Appendable
instanceKlass java/lang/invoke/CallSite
instanceKlass java/lang/invoke/MethodType
instanceKlass java/lang/invoke/LambdaForm
instanceKlass java/lang/invoke/MethodHandleNatives
instanceKlass java/lang/invoke/MemberName
instanceKlass java/lang/invoke/MethodHandle
instanceKlass sun/reflect/CallerSensitive
instanceKlass java/lang/annotation/Annotation
instanceKlass sun/reflect/FieldAccessor
instanceKlass sun/reflect/ConstantPool
instanceKlass sun/reflect/ConstructorAccessor
instanceKlass sun/reflect/MethodAccessor
instanceKlass sun/reflect/MagicAccessorImpl
instanceKlass java/lang/reflect/Parameter
instanceKlass java/lang/reflect/Member
instanceKlass java/lang/reflect/AccessibleObject
instanceKlass java/util/Dictionary
instanceKlass java/util/Map
instanceKlass java/lang/ThreadGroup
instanceKlass java/lang/Thread$UncaughtExceptionHandler
instanceKlass java/lang/Thread
instanceKlass java/lang/Runnable
instanceKlass java/lang/ref/ReferenceQueue
instanceKlass java/lang/ref/Reference
instanceKlass java/security/AccessControlContext
instanceKlass java/security/ProtectionDomain
instanceKlass java/lang/SecurityManager
instanceKlass java/lang/Throwable
instanceKlass java/lang/System
instanceKlass java/lang/ClassLoader
instanceKlass java/lang/Cloneable
instanceKlass java/lang/Class
instanceKlass java/lang/reflect/Type
instanceKlass java/lang/reflect/GenericDeclaration
instanceKlass java/lang/reflect/AnnotatedElement
instanceKlass java/lang/String
instanceKlass java/lang/CharSequence
instanceKlass java/lang/Comparable
instanceKlass java/io/Serializable
ciInstanceKlass java/lang/Object 1 1 78 100 10 10 10 10 8 10 10 10 100 8 10 3 8 10 10 7 1 1 1 1 1 1 1 1 1 1 1 1 1 1 1 1 1 100 1 1 1 1 1 1 100 1 1 100 1 1 1 1 12 12 100 12 12 1 12 100 12 12 1 1 12 1 12 12 1 1 1 1 1 1 1 1 1 1 1 1
ciInstanceKlass java/io/Serializable 1 0 7 100 100 1 1 1 1
ciInstanceKlass java/lang/String 1 1 548 10 8 9 9 10 100 10 10 10 10 100 10 10 10 10 10 100 8 10 10 8 10 10 10 10 10 10 10 10 10 10 10 100 10 10 10 10 10 10 10 10 10 7 10 10 10 100 100 10 10 11 11 10 10 9 11 10 10 10 10 7 3 10 10 10 10 10 10 10 10 10 10 10 10 10 10 10 11 10 10 10 10 10 100 10 10 8 10 10 3 3 100 10 10 10 10 10 11 100 10 10 100 10 10 10 11 11 11 7 3 10 10 10 10 8 8 8 10 10 10 10 10 10 10 10 10 10 10 100 10 10 10 10 8 10 10 8 8 10 10 10 10 7 9 7 10 7 100 100 100 1 1 1 1 1 1 1 1 1 5 0 1 1 1 1 1 1 1 1 1 1 1 1 1 1 100 100 1 100 1 100 1 1 1 1 1 1 1 1 100 1 100 1 1 1 1 100 100 100 1 1 1 1 1 1 1 1 1 1 1 1 1 1 1 1 1 1 1 1 1 1 1 1 1 1 1 1 1 100 1 1 1 1 1 1 1 1 1 1 1 1 1 1 1 1 1 1 1 1 1 1 1 1 1 1 1 1 1 1 1 1 1 1 1 1 100 1 1 1 100 100 1 100 1 1 1 100 1 1 1 1 1 1 1 1 1 1 1 1 1 1 1 1 1 1 1 1 1 1 1 1 1 12 1 12 12 7 12 1 12 12 12 12 1 100 12 12 12 12 12 1 1 7 12 1 12 12 12 12 12 12 12 100 12 12 1 12 12 7 12 100 12 12 12 12 1 12 1 1 12 12 12 12 7 12 12 7 12 12 12 12 12 1 12 12 12 12 12 12 12 12 12 12 12 12 12 12 12 12 12 12 100 12 12 1 12 12 1 12 1 12 12 12 12 100 12 1 12 12 1 12 12 100 12 100 12 12 1 12 12 12 7 12 1 1 1 100 12 12 12 12 12 12 12 12 12 12 12 1 12 12 1 12 1 1 100 12 100 12 100 12 12 1 12 1 12 1 1 1 1 1 1 1 1 1 1 1 1 1 1 1 1 1 1 1 1 1 1 1 1 1 1 1 1 1 1 1 1 1 1 1 1 1 1 1 1 1 1 1 1 1 1 1 1 1 1 1 1 1 1 1 1 1 1 1 1 1 1 1 1 1 1 1 1 1 1 1 1 1 1 1 1 1 1 1 1 1 1 1 1 1 1 1 1 1 1 1 1 1 1 1 1 1 1 1 1 1
staticfield java/lang/String serialPersistentFields [Ljava/io/ObjectStreamField; 0 [Ljava/io/ObjectStreamField;
staticfield java/lang/String CASE_INSENSITIVE_ORDER Ljava/util/Comparator; java/lang/String$CaseInsensitiveComparator
ciInstanceKlass java/lang/Class 1 1 1224 9 9 10 10 10 10 9 9 9 9 7 10 10 8 10 8 8 10 10 10 10 10 10 10 10 10 8 10 8 8 10 11 10 10 10 10 10 9 10 100 10 9 7 100 8 10 10 7 10 10 100 100 10 10 10 10 9 10 100 10 100 10 10 10 9 10 10 10 10 10 100 100 10 10 10 10 10 9 10 100 10 10 10 10 10 10 10 10 10 10 10 10 10 10 10 10 10 10 100 8 10 10 100 10 100 11 10 10 10 10 10 10 10 8 10 10 10 8 10 10 10 8 10 8 10 10 10 10 8 10 100 10 10 10 10 100 10 100 10 10 10 10 10 10 10 10 100 10 10 10 10 10 10 10 10 10 10 10 10 10 9 10 9 7 10 9 10 7 10 9 10 10 10 10 10 10 10 8 10 10 9 10 7 9 10 10 7 10 10 10 10 9 10 9 10 10 10 10 9 9 10 9 100 10 100 10 10 11 11 11 7 11 11 9 9 7 7 10 9 9 10 10 9 100 10 10 10 10 10 10 10 10 10 10 10 10 10 10 10 10 10 10 10 10 10 10 10 10 10 8 7 10 8 8 8 8 10 10 9 9 10 100 9 7 10 7 7 10 10 10 8 10 100 10 100 10 100 8 10 100 10 10 11 10 100 10 10 8 8 10 10 9 11 100 11 9 10 10 10 9 9 10 10 10 10 10 11 11 11 11 100 11 10 10 100 11 10 10 10 11 11 100 10 10 9 9 10 10 10 10 7 9 100 100 100 100 1 1 1 1 7 1 1 1 1 1 3 1 3 1 3 1 1 1 1 1 1 1 1 1 1 1 1 1 1 1 1 1 1 1 1 1 1 1 5 0 1 1 1 1 1 1 1 1 1 1 1 1 1 1 1 1 100 1 1 1 1 1 1 1 1 1 1 1 100 100 100 1 100 1 1 1 100 1 1 1 1 100 1 1 1 1 1 1 100 100 100 1 1 1 1 1 1 1 1 1 1 1 1 1 1 1 1 100 1 1 1 100 1 1 1 1 1 1 1 1 1 1 100 1 1 1 1 100 1 1 1 1 1 1 1 1 1 1 100 100 100 100 100 1 1 1 1 1 1 1 1 100 1 1 1 1 1 1 100 1 1 1 1 1 1 1 100 1 1 1 1 1 1 1 1 1 1 1 100 1 1 1 1 1 1 1 1 1 1 1 1 1 1 1 1 1 1 1 100 1 1 1 1 1 1 1 1 1 1 100 1 1 1 1 1 1 1 1 1 1 1 1 1 1 1 1 1 1 100 1 1 100 100 1 1 1 1 1 1 1 1 1 1 100 1 1 1 1 1 1 1 1 1 1 1 1 1 1 1 1 1 1 1 100 1 1 1 1 1 1 1 1 1 1 1 1 1 100 1 1 1 1 1 1 1 1 100 1 100 1 1 1 1 1 1 1 1 1 1 1 1 1 1 1 1 1 1 1 1 1 1 1 100 1 1 100 100 1 1 1 1 1 1 1 1 1 1 1 1 1 1 1 1 1 1 1 1 1 12 12 12 12 12 12 12 12 12 12 1 12 1 12 1 1 12 12 12 12 100 12 12 12 12 1 12 1 1 12 12 7 12 7 12 12 7 12 100 12 7 12 100 12 1 12 12 1 1 1 12 12 1 12 7 12 1 1 12 12 12 12 12 1 100 12 12 12 12 12 12 12 12 100 1 1 12 12 100 12 12 12 12 100 12 1 12 12 12 12 12 12 100 12 12 12 12 12 12 7 12 12 12 1 1 12 1 12 1 12 100 12 12 12 100 12 12 1 12 12 12 1 12 12 12 1 12 1 12 12 12 12 1 12 1 12 12 12 1 12 1 12 12 12 12 12 12 12 12 1 12 12 12 12 12 12 12 12 12 12 12 12 12 12 1 12 12 1 12 12 100 12 12 12 100 12 12 12 12 1 12 12 12 12 1 12 12 12 1 12 12 100 12 100 12 12 12 12 12 12 12 12 12 12 12 12 1 1 12 100 12 12 100 12 1 12 100 12 12 1 1 12 12 12 12 12 12 1 12 12 12 12 12 12 12 12 12 12 12 12 12 12 12 12 12 12 12 12 1 1 7 1 1 1 1 12 12 12 12 12 1 12 1 1 1 1 12 100 1 12 1 12 1 12 1 1 1 12 100 12 12 1 12 1 1 100 12 12 12 12 1 12 12 100 12 100 12 12 12 12 12 12 12 12 12 12 100 12 12 1 1 12 100 12 12 1 100 12 12 12 12 1 12 12 12 100 12 12 100 12 12 12 1 12 1 1 1 1 1 100 1 1 1 1 1 1 1 1 1 1 1 1 1 1 1 1 1 1 1 1 1 1 1 1 1 1 1 1 1 1 1 1 1 1 1 1 1 1 1 1 1 1 1 1 1 1 1 1 1 1 1 1 1 1 1 1 1 1 1 1 1 1 1 1 1 1 1 1 1 1 1 1 1 1 1 1 1 1 1 1 1 1 1 1 1 1 1 1 1 1 1 1 1 1 1 1 1 1 1 1 1 1 1 1 1 1 1 1 1 1 1 1 1 1 1 1 1 1 1 1 1 1 1 1 1 1 1 1 1 1 1 1 1 1 1 1 1 1 1 1 1 1 1 1 1 1 1 1 1 1 1 1 1 1 1 1 1 1 1 1 1 1 1 1 1 1 1 1 1 1 1 1 1 1 1 1 1 1 1 1 1 1 1 1 1 1 1 1 1 1 1 1 1 1 1 1 1 1 1 1 1 1 1 1 1 1 1 1 1
staticfield java/lang/Class serialPersistentFields [Ljava/io/ObjectStreamField; 0 [Ljava/io/ObjectStreamField;
ciInstanceKlass java/lang/Cloneable 1 0 7 100 100 1 1 1 1
instanceKlass sun/reflect/DelegatingClassLoader
instanceKlass java/security/SecureClassLoader
ciInstanceKlass java/lang/ClassLoader 1 1 865 9 9 9 10 10 10 10 7 10 7 7 7 10 10 9 7 10 9 9 9 9 9 9 10 10 7 10 9 9 7 10 10 9 7 9 100 10 10 10 10 10 10 10 10 10 7 10 10 10 10 10 10 10 10 10 10 10 10 10 10 10 100 10 100 10 10 11 10 10 10 100 100 10 8 10 10 10 8 10 100 8 10 10 10 10 10 10 10 10 10 10 10 10 10 10 10 10 10 10 10 10 10 10 10 10 8 11 9 11 10 8 8 10 10 10 10 10 10 10 10 7 7 10 10 10 7 10 10 10 7 10 10 10 10 10 10 7 10 10 10 100 10 10 10 9 9 100 8 10 10 10 7 10 10 100 10 100 10 100 10 10 10 10 10 9 10 10 100 10 7 10 10 10 10 10 10 10 10 11 11 11 100 10 9 10 10 7 8 10 9 8 10 9 8 7 10 10 100 8 10 10 10 8 8 10 10 10 8 8 10 10 7 10 10 10 9 10 10 7 9 10 10 8 8 10 10 10 8 10 10 10 10 9 10 10 10 100 10 10 10 10 9 9 9 9 9 10 7 7 10 1 1 7 1 1 1 1 1 1 1 1 1 1 1 1 1 1 1 1 1 1 1 1 1 1 1 1 1 1 1 1 1 1 1 1 1 1 1 1 1 1 1 1 1 1 1 1 1 1 1 1 1 1 1 1 1 100 1 1 100 100 1 1 1 1 1 1 100 100 100 100 100 1 1 1 1 1 1 100 100 1 1 1 1 100 1 1 1 1 1 1 1 1 1 1 100 1 1 1 1 1 1 1 1 1 1 1 1 1 1 1 1 100 100 1 1 1 1 1 1 1 1 1 1 1 1 1 1 100 1 1 1 1 1 1 1 1 1 1 1 100 100 1 1 1 1 1 100 100 1 1 1 1 1 100 100 1 1 1 1 1 1 1 1 1 1 1 1 100 1 1 1 1 1 1 1 1 100 1 1 100 1 1 1 1 100 100 1 1 1 1 1 1 1 1 1 1 100 1 100 1 1 1 1 1 1 1 1 1 12 12 12 12 7 12 100 12 12 1 1 1 12 12 12 1 12 12 12 12 12 12 12 12 1 12 12 1 7 12 12 1 12 1 12 12 12 12 12 12 12 12 1 12 7 12 12 12 12 12 12 12 12 12 100 12 7 12 12 12 12 1 12 1 12 7 12 7 12 12 12 12 1 1 1 12 12 1 12 1 1 12 12 12 12 7 12 12 12 12 12 12 100 12 12 12 12 12 12 12 12 12 12 7 12 12 1 100 12 12 12 12 1 1 12 12 12 12 12 12 12 12 1 1 12 12 12 1 12 12 7 12 1 12 12 12 7 12 100 12 1 12 7 12 1 12 12 12 12 12 1 1 12 12 1 12 12 1 12 1 100 1 12 12 12 12 12 100 12 12 12 1 1 12 12 12 12 12 12 12 100 12 1 12 12 12 12 1 1 12 1 12 12 1 1 12 1 1 12 12 1 1 12 12 7 12 1 1 12 1 12 12 12 12 12 1 12 12 1 1 12 1 12 12 12 12 12 12 12 12 1 12 12 12 12 100 12 12 12 12 12 12 1 1 1 1 1 1 1 1 1 1 1 1 1 1 1 1 1 1 1 1 1 1 1 1 1 1 1 1 1 1 1 1 1 1 1 1 1 1 1 1 1 1 1 1 1 1 1 1 1 1 1 1 1 1 1 1 1 1 1 1 1 1 1 1 1 1 1 1 1 1 1 1 1 1 1 1 1 1 1 1 1 1 1 1 1 1 1 1 1 1 1 1 1 1 1 1 1 1 1 1 1 1 1 1 1 1 1 1 1 1 1 1 1 1 1 1 1 1 1 1 1 1 1 1 1 1 1 1 1 1 1 1 1 1 1 1 1 1 1 1 1 1 1 1 1 1 1 1 1 1 1 1 1 1 1 1 1 1 1 1 1 1 1
staticfield java/lang/ClassLoader nocerts [Ljava/security/cert/Certificate; 0 [Ljava/security/cert/Certificate;
ciInstanceKlass java/lang/System 1 1 375 10 10 10 10 10 9 7 10 11 10 10 10 100 8 10 10 8 10 100 10 8 10 10 100 10 10 9 10 9 9 7 10 10 10 10 10 10 100 100 8 10 10 7 10 100 8 10 8 10 100 8 10 100 10 8 10 10 10 8 10 10 10 10 10 10 10 10 10 7 7 10 10 100 10 10 8 10 7 9 10 7 9 10 9 7 10 8 10 8 8 10 10 10 10 10 10 10 10 7 10 10 10 9 9 9 100 1 1 1 1 1 1 1 1 1 1 1 1 1 1 1 1 1 1 1 1 1 1 1 1 1 1 1 100 100 1 1 1 100 1 100 1 1 1 1 1 100 1 1 1 1 1 1 1 1 1 1 1 1 1 1 1 1 1 1 1 1 1 1 1 1 1 1 1 1 1 1 1 1 1 1 1 1 1 1 1 1 1 1 1 100 1 1 1 1 1 12 12 12 12 12 12 1 7 12 100 12 100 12 12 12 1 1 12 100 12 1 12 1 12 12 100 12 1 12 100 12 12 12 12 12 1 12 12 12 12 12 1 1 1 12 12 1 12 1 1 1 12 1 1 1 1 12 12 100 12 1 12 7 12 12 12 12 12 7 12 12 12 1 1 12 12 1 12 7 12 1 7 12 1 7 12 12 1 12 12 1 12 1 12 1 1 12 7 12 12 7 12 12 7 12 12 12 1 12 12 12 12 12 1 1 1 1 1 1 1 1 1 1 1 1 1 1 1 1 1 1 1 1 1 1 1 1 1 1 1 1 1 1 1 1 1 1 1 1 1 1 1 1 1 1 1 1 1 1 1 1 1 1 1 1 1 1 1 1 1 1 1 1 1 1 1 1 1
staticfield java/lang/System in Ljava/io/InputStream; java/io/BufferedInputStream
staticfield java/lang/System out Ljava/io/PrintStream; java/io/PrintStream
staticfield java/lang/System err Ljava/io/PrintStream; java/io/PrintStream
instanceKlass java/lang/Exception
instanceKlass java/lang/Error
ciInstanceKlass java/lang/Throwable 1 1 340 10 9 9 9 9 9 10 9 10 10 100 100 10 8 10 8 10 10 10 100 8 10 10 10 10 8 9 10 100 10 10 100 10 10 11 10 10 10 8 10 10 7 8 8 10 10 8 8 9 10 100 10 11 8 8 10 8 10 8 100 10 9 10 10 100 10 7 10 10 100 8 10 10 11 7 10 11 11 11 8 8 10 11 10 9 8 10 9 10 9 11 100 10 10 7 100 100 1 1 1 100 1 100 1 1 1 1 5 0 1 1 1 1 1 1 1 1 1 1 1 1 1 1 1 1 1 1 1 1 1 1 1 1 1 1 1 1 1 1 100 100 1 1 1 1 1 1 1 1 1 1 1 1 100 100 100 1 1 1 1 1 1 1 1 1 1 1 1 1 1 1 1 1 100 100 1 100 100 1 1 1 1 1 1 1 1 12 12 12 12 12 12 12 12 12 12 1 1 1 12 1 100 12 12 1 1 12 7 12 12 1 100 12 12 1 12 12 1 7 12 100 12 12 12 12 1 12 12 1 1 1 12 12 1 1 12 100 12 1 12 1 1 12 1 12 1 1 12 12 12 100 12 12 1 12 100 1 1 12 100 12 100 12 1 12 12 100 12 12 1 1 100 12 1 100 12 100 12 12 12 12 12 1 1 1 1 1 1 1 1 1 1 1 1 1 1 1 1 1 1 1 1 1 1 1 1 1 1 1 1 1 1 1 1 1 1 1 1 1 1 1 1 1 1 1 1 1 1 1 1 1 1 1 1 1 1 1 1 1
staticfield java/lang/Throwable UNASSIGNED_STACK [Ljava/lang/StackTraceElement; 0 [Ljava/lang/StackTraceElement;
staticfield java/lang/Throwable SUPPRESSED_SENTINEL Ljava/util/List; java/util/Collections$UnmodifiableRandomAccessList
staticfield java/lang/Throwable EMPTY_THROWABLE_ARRAY [Ljava/lang/Throwable; 0 [Ljava/lang/Throwable;
staticfield java/lang/Throwable $assertionsDisabled Z 1
instanceKlass java/lang/AssertionError
instanceKlass java/lang/VirtualMachineError
instanceKlass java/lang/LinkageError
instanceKlass java/lang/ThreadDeath
ciInstanceKlass java/lang/Error 1 1 30 10 10 10 10 10 100 7 1 1 1 5 0 1 1 1 1 1 1 1 1 1 1 12 12 12 12 12 1 1
ciInstanceKlass java/lang/ThreadDeath 0 0 18 10 100 100 1 1 1 5 0 1 1 1 1 1 1 12 1 1
instanceKlass com/mathworks/services/settings/SettingException
instanceKlass java/beans/IntrospectionException
instanceKlass com/mathworks/util/MatlabThreadException
instanceKlass java/security/PrivilegedActionException
instanceKlass java/io/IOException
instanceKlass java/lang/InterruptedException
instanceKlass java/lang/ReflectiveOperationException
instanceKlass java/lang/RuntimeException
ciInstanceKlass java/lang/Exception 1 1 30 10 10 10 10 10 100 7 1 1 1 5 0 1 1 1 1 1 1 1 1 1 1 12 12 12 12 12 1 1
instanceKlass java/lang/IllegalStateException
instanceKlass java/lang/invoke/WrongMethodTypeException
instanceKlass java/lang/IndexOutOfBoundsException
instanceKlass java/lang/SecurityException
instanceKlass com/mathworks/util/AggregateException
instanceKlass java/lang/IllegalArgumentException
instanceKlass java/lang/ArithmeticException
instanceKlass java/lang/NullPointerException
instanceKlass java/lang/IllegalMonitorStateException
instanceKlass java/lang/ArrayStoreException
instanceKlass java/lang/ClassCastException
ciInstanceKlass java/lang/RuntimeException 1 1 30 10 10 10 10 10 100 7 1 1 1 5 0 1 1 1 1 1 1 1 1 1 1 12 12 12 12 12 1 1
ciInstanceKlass java/lang/SecurityManager 0 0 383 9 10 100 9 10 9 100 10 100 8 10 10 10 10 10 10 10 10 10 100 10 10 9 10 10 10 100 8 10 9 9 8 9 100 10 8 10 10 10 100 10 10 100 100 8 10 8 8 8 8 8 8 10 8 8 8 8 8 10 10 8 100 8 10 8 8 8 8 8 10 8 100 8 8 10 8 9 8 9 9 8 10 100 8 10 10 100 10 10 10 8 9 9 100 10 10 10 9 8 8 9 9 100 10 9 8 8 8 10 10 9 100 10 10 100 1 1 1 1 1 1 1 1 1 1 1 1 1 1 1 1 1 1 1 1 1 1 100 1 1 1 100 100 100 1 1 1 1 100 1 1 1 100 1 1 1 1 1 1 1 1 1 1 1 1 1 1 1 1 1 1 100 1 1 1 1 1 1 1 100 1 1 1 1 1 1 1 1 1 1 1 1 1 100 1 1 1 1 1 100 1 1 1 1 1 100 100 1 1 1 1 1 100 1 1 1 1 1 1 1 1 12 12 1 12 12 12 1 100 12 1 1 12 12 12 12 12 12 12 100 12 1 12 100 12 12 100 12 1 1 12 12 1 12 1 1 12 12 12 1 12 1 1 1 12 1 1 1 1 1 1 12 1 1 1 1 1 12 12 1 1 1 1 1 1 1 1 100 12 1 1 1 1 1 100 12 1 12 12 1 12 1 1 12 1 12 12 12 1 12 12 1 12 12 12 12 1 1 12 12 1 12 1 1 1 12 100 12 12 1 12 1 1 1 1 1 1 1 1 1 1 1 1 1 1 1 1 1 1 1 1 1 1 1 1 1 1 1 1 1 1 1 1 1 1 1 1 1 1 1 1 1 1 1 1 1 1 1 1 1 1 1
ciInstanceKlass java/security/ProtectionDomain 1 1 287 9 10 9 7 10 9 9 9 10 7 9 9 7 9 10 100 10 10 10 10 9 10 8 100 8 10 10 10 10 10 8 11 8 10 8 8 10 10 10 10 8 10 8 8 10 9 10 9 10 100 100 10 10 7 10 100 10 10 11 11 11 100 10 10 11 11 10 10 11 10 7 10 10 8 10 7 10 10 7 7 1 1 1 1 1 1 1 1 1 1 1 1 1 1 1 1 1 1 1 1 1 1 1 100 100 100 1 100 1 1 1 1 1 1 1 1 1 1 1 1 1 1 100 100 1 100 100 1 100 100 100 100 100 100 100 1 1 1 1 1 1 12 12 12 1 12 12 12 12 12 1 12 12 1 12 100 12 100 100 12 12 12 100 12 1 1 1 12 12 100 12 12 1 1 12 1 1 12 12 12 12 1 12 1 1 100 12 12 12 12 100 12 1 1 100 12 1 1 12 12 100 12 12 100 12 1 12 12 12 12 100 12 12 12 1 12 7 12 1 7 12 1 12 1 1 1 1 1 1 1 1 1 1 1 1 1 1 1 1 1 1 1 1 1 1 1 1 1 1 1 1 1 1 1 1 1 1 1 1 1 1 1 1 1 1 1 1 1 1 1 1 1 1 1 1 1 1 1 1 1 1 1 1 1 1 1
staticfield java/security/ProtectionDomain debug Lsun/security/util/Debug; null
ciInstanceKlass java/security/AccessControlContext 1 1 313 9 9 10 8 10 10 9 9 9 10 100 100 10 11 11 11 11 7 11 10 10 9 10 11 10 7 100 8 10 10 7 9 9 9 9 9 9 9 10 9 10 10 8 10 10 10 100 10 10 10 10 8 10 8 10 8 8 10 8 10 8 10 10 10 8 8 100 10 10 100 10 8 10 10 10 8 10 10 10 7 10 10 10 10 10 10 10 10 7 1 1 1 1 1 1 1 1 1 1 1 1 1 1 1 1 1 1 1 1 1 1 1 1 1 1 100 100 1 1 100 1 100 100 1 1 1 1 1 1 1 1 100 1 1 1 100 1 1 100 1 1 1 1 1 1 1 1 1 1 1 1 1 1 1 1 1 1 1 1 1 1 1 12 12 100 12 1 100 12 12 12 12 12 100 12 1 12 100 12 12 12 12 1 12 12 100 12 100 12 100 12 100 12 1 1 1 12 12 1 12 12 12 12 12 12 12 7 12 12 12 12 1 12 12 100 12 1 12 100 12 1 100 12 1 100 12 1 1 12 1 12 1 12 12 12 1 1 1 12 12 1 12 1 12 1 12 12 12 1 12 12 12 12 12 12 1 1 1 1 1 1 1 1 1 1 1 1 1 1 1 1 1 1 1 1 1 1 1 1 1 1 1 1 1 1 1 1 1 1 1 1 1 1 1 1 1 1 1 1 1 1 1 1 1 1 1 1 1 1 1 1 1
instanceKlass java/net/URLClassLoader
ciInstanceKlass java/security/SecureClassLoader 1 1 134 10 7 10 9 10 10 9 10 10 10 10 10 7 10 10 7 10 10 10 9 100 10 8 10 10 10 10 8 100 8 10 8 10 10 7 7 1 1 1 1 1 1 1 1 1 1 1 1 1 100 100 100 1 1 1 1 1 1 1 1 1 1 100 100 100 1 1 1 1 12 1 12 12 7 12 100 12 12 12 12 12 12 12 1 12 1 12 12 12 12 1 1 12 12 12 7 12 1 1 1 12 1 12 12 1 1 1 1 1 1 1 1 1 1 1 1 1 1 1 1 1 1 1 1 1 1 1 1 1 1 1 1 1
staticfield java/security/SecureClassLoader debug Lsun/security/util/Debug; null
instanceKlass java/lang/InstantiationException
instanceKlass java/lang/NoSuchMethodException
instanceKlass java/lang/IllegalAccessException
instanceKlass java/lang/NoSuchFieldException
instanceKlass java/lang/reflect/InvocationTargetException
instanceKlass java/lang/ClassNotFoundException
ciInstanceKlass java/lang/ReflectiveOperationException 1 1 27 10 10 10 10 100 7 1 1 1 5 0 1 1 1 1 1 1 1 1 1 12 12 12 12 1 1
ciInstanceKlass java/lang/ClassNotFoundException 1 1 32 100 10 10 9 100 7 1 1 1 5 0 1 1 1 1 1 1 1 1 1 1 1 1 1 1 12 12 12 1 1 1
instanceKlass java/lang/UnsatisfiedLinkError
instanceKlass java/lang/ExceptionInInitializerError
instanceKlass java/lang/IncompatibleClassChangeError
instanceKlass java/lang/BootstrapMethodError
instanceKlass java/lang/NoClassDefFoundError
ciInstanceKlass java/lang/LinkageError 1 1 24 10 10 10 100 7 1 1 1 5 0 1 1 1 1 1 1 1 1 12 12 12 1 1
ciInstanceKlass java/lang/NoClassDefFoundError 0 0 21 10 10 100 100 1 1 1 5 0 1 1 1 1 1 1 1 12 12 1 1
ciInstanceKlass java/lang/ClassCastException 1 1 21 10 10 100 100 1 1 1 5 0 1 1 1 1 1 1 1 12 12 1 1
ciInstanceKlass java/lang/ArrayStoreException 1 1 21 10 10 100 100 1 1 1 5 0 1 1 1 1 1 1 1 12 12 1 1
instanceKlass java/lang/StackOverflowError
instanceKlass java/lang/OutOfMemoryError
ciInstanceKlass java/lang/VirtualMachineError 1 1 27 10 10 10 10 100 100 1 1 1 5 0 1 1 1 1 1 1 1 1 1 12 12 12 12 1 1
ciInstanceKlass java/lang/OutOfMemoryError 1 1 21 10 10 100 100 1 1 1 5 0 1 1 1 1 1 1 1 12 12 1 1
ciInstanceKlass java/lang/StackOverflowError 1 1 21 10 10 100 100 1 1 1 5 0 1 1 1 1 1 1 1 12 12 1 1
ciInstanceKlass java/lang/IllegalMonitorStateException 1 1 21 10 10 100 100 1 1 1 5 0 1 1 1 1 1 1 1 12 12 1 1
instanceKlass java/lang/ref/PhantomReference
instanceKlass java/lang/ref/FinalReference
instanceKlass java/lang/ref/WeakReference
instanceKlass java/lang/ref/SoftReference
ciInstanceKlass java/lang/ref/Reference 1 1 141 9 9 7 9 10 100 10 100 10 9 9 10 9 9 10 10 7 10 10 10 10 7 8 10 7 10 10 10 7 10 10 7 7 1 1 1 1 1 1 1 1 1 1 1 1 1 1 1 1 1 1 1 1 1 1 1 100 100 100 100 100 100 100 1 1 1 1 1 1 1 1 1 1 1 1 1 1 100 1 1 1 12 12 1 12 12 1 12 1 12 12 7 12 12 12 12 12 12 1 12 12 12 7 12 1 1 12 1 12 12 12 1 7 12 1 1 1 1 1 1 1 1 1 1 1 1 1 1 1 1 1 1 1 1 1 1 1 1 1 1
instanceKlass java/util/ResourceBundle$BundleReference
instanceKlass java/lang/invoke/LambdaFormEditor$Transform
instanceKlass sun/util/locale/LocaleObjectCache$CacheEntry
ciInstanceKlass java/lang/ref/SoftReference 1 1 35 10 9 9 10 10 7 7 1 1 1 1 1 1 1 1 1 1 1 1 1 1 100 1 1 1 1 12 12 12 12 12 1 1 1
instanceKlass java/lang/invoke/MethodType$ConcurrentWeakInternSet$WeakEntry
instanceKlass java/util/ResourceBundle$LoaderReference
instanceKlass java/lang/ClassValue$Entry
instanceKlass java/util/WeakHashMap$Entry
instanceKlass java/lang/ThreadLocal$ThreadLocalMap$Entry
ciInstanceKlass java/lang/ref/WeakReference 1 1 20 10 10 100 7 1 1 1 1 1 1 1 1 1 1 1 12 12 1 1
instanceKlass java/lang/ref/Finalizer
ciInstanceKlass java/lang/ref/FinalReference 1 1 16 10 100 7 1 1 1 1 1 1 1 1 1 12 1 1
instanceKlass sun/misc/Cleaner
ciInstanceKlass java/lang/ref/PhantomReference 1 1 19 10 100 7 1 1 1 1 1 1 1 1 1 1 1 1 12 1 1
ciInstanceKlass sun/misc/Cleaner 1 1 75 9 9 9 9 10 9 7 10 10 10 11 100 100 10 10 7 10 100 1 1 1 1 1 1 1 1 1 1 1 1 1 1 1 1 1 1 1 1 1 1 1 1 100 1 1 1 1 12 12 12 12 12 12 1 12 12 12 100 12 1 1 12 100 12 1 12 1 1 1 1 1 1 1 1
staticfield sun/misc/Cleaner dummyQueue Ljava/lang/ref/ReferenceQueue; java/lang/ref/ReferenceQueue
ciInstanceKlass java/lang/ref/Finalizer 1 1 153 9 9 9 10 9 9 10 10 7 10 10 10 10 7 11 100 10 100 10 10 10 100 10 10 100 10 7 10 7 10 10 10 10 7 10 7 10 10 10 7 1 1 1 1 1 1 1 1 1 1 1 1 1 1 1 1 1 1 1 100 100 1 1 1 1 1 1 1 1 1 1 1 1 1 1 1 1 1 1 1 1 1 1 1 1 100 1 1 1 12 12 12 12 12 12 12 12 1 12 12 12 12 1 7 12 1 12 1 12 100 12 100 12 1 12 12 1 1 1 12 12 7 12 1 12 1 12 12 12 1 1 1 1 1 1 1 1 1 1 1 1 1 1 1 1 1 1 1 1 1 1 1
staticfield java/lang/ref/Finalizer lock Ljava/lang/Object; java/lang/Object
instanceKlass java/lang/ref/ReferenceQueue$Null
ciInstanceKlass java/lang/ref/ReferenceQueue 1 1 133 10 7 10 9 9 9 9 9 9 9 100 10 9 7 10 10 10 100 8 10 10 10 5 0 10 11 7 10 7 10 7 100 1 1 1 1 1 1 1 1 1 1 1 1 1 1 1 1 1 1 1 1 1 1 1 1 100 100 100 100 1 1 1 1 1 1 1 1 100 1 1 1 1 1 1 1 1 12 1 12 12 12 12 7 12 12 12 12 1 12 1 7 12 12 12 1 1 12 100 12 12 12 100 12 1 7 12 1 1 1 1 1 1 1 1 1 1 1 1 1 1 1 1 1 1 1 1 1 1 1 1 1
staticfield java/lang/ref/ReferenceQueue $assertionsDisabled Z 1
instanceKlass java/lang/ref/Finalizer$FinalizerThread
instanceKlass java/lang/ref/Reference$ReferenceHandler
ciInstanceKlass java/lang/Thread 1 1 550 9 9 9 9 100 8 10 3 8 3 10 10 100 8 10 9 10 10 10 10 10 10 10 9 10 10 9 10 9 10 9 10 9 10 9 9 10 9 10 9 10 9 100 10 10 9 9 9 7 7 10 8 10 10 10 10 10 100 10 10 10 10 100 11 10 9 10 9 10 100 10 10 100 10 10 11 10 100 10 10 10 7 10 10 10 10 10 10 10 10 10 10 100 8 10 10 10 8 10 8 10 8 8 10 10 7 8 10 9 9 10 10 10 9 10 100 10 11 9 9 10 100 10 11 100 10 10 11 10 100 10 10 10 8 9 10 11 10 11 10 7 8 7 1 1 100 1 100 1 100 1 1 1 1 1 1 1 1 1 1 1 1 1 1 1 1 1 1 1 1 1 1 1 100 1 1 1 1 1 1 1 1 1 1 1 1 1 1 1 3 1 3 1 3 1 1 1 1 1 1 1 1 1 1 1 1 1 1 1 1 1 1 1 1 1 1 1 1 1 100 100 100 100 1 1 1 1 1 1 100 1 1 1 1 100 100 100 100 100 1 1 1 1 1 1 1 1 1 1 1 1 1 1 1 1 1 1 1 1 1 1 1 1 1 1 1 1 1 1 1 1 1 1 1 1 1 1 1 1 1 1 1 1 1 1 1 1 1 1 1 1 1 1 1 100 100 1 1 100 100 1 1 1 1 100 100 1 1 1 1 1 1 1 1 1 1 1 1 1 1 100 1 1 1 1 100 1 1 1 1 1 1 1 1 1 1 1 12 12 12 12 1 1 12 1 12 12 1 1 12 12 7 12 100 12 7 12 12 12 12 12 12 12 12 12 12 12 12 12 7 12 12 12 12 12 100 12 12 12 12 1 12 12 12 12 1 1 1 12 12 12 12 12 1 12 12 12 1 12 12 12 100 12 12 1 12 1 12 100 12 12 1 12 12 1 12 12 12 12 12 12 12 12 12 1 1 12 12 1 12 1 1 1 100 12 100 12 1 12 12 12 12 12 12 1 12 100 12 12 12 12 1 12 100 12 1 12 12 12 12 1 12 12 100 12 12 12 12 100 12 12 12 1 1 1 1 1 1 1 1 1 1 1 1 1 1 1 1 1 1 1 1 1 1 1 1 1 1 1 1 1 1 1 1 1 1 1 1 1 1 1 1 1 1 1 1 1 1 1 1 1 1 1 1 1 1 1 1 1 1 1 1 1 1 1 1 1 1 1 1 1 1 1 1 1 1 1 1 1
staticfield java/lang/Thread EMPTY_STACK_TRACE [Ljava/lang/StackTraceElement; 0 [Ljava/lang/StackTraceElement;
staticfield java/lang/Thread SUBCLASS_IMPLEMENTATION_PERMISSION Ljava/lang/RuntimePermission; java/lang/RuntimePermission
ciInstanceKlass java/lang/ThreadGroup 1 1 275 10 9 8 9 7 9 9 10 10 10 10 10 9 9 10 10 9 10 9 9 10 100 10 10 10 9 10 10 9 10 10 10 10 10 10 10 10 10 10 10 100 10 10 10 7 10 7 10 9 10 8 10 10 10 10 11 100 9 100 10 8 10 10 8 10 10 10 10 10 8 10 8 10 8 7 100 1 1 1 1 1 1 1 1 1 1 1 1 1 1 1 1 1 1 1 1 1 1 1 1 1 1 1 1 1 1 1 1 1 1 1 1 1 1 1 1 100 100 100 1 1 1 100 1 1 1 1 1 1 1 1 1 1 1 1 1 1 1 1 1 100 1 1 1 1 1 1 1 1 1 1 1 100 1 1 100 1 1 1 1 12 12 1 12 1 12 12 12 12 12 12 12 12 12 12 12 12 100 12 12 12 7 12 12 7 12 100 12 12 12 12 12 12 12 12 12 12 12 12 12 12 1 12 12 1 12 12 12 12 1 100 12 12 12 12 1 12 1 1 12 12 1 12 100 12 100 12 12 100 1 1 12 1 1 1 1 1 1 1 1 1 1 1 1 1 1 1 1 1 1 1 1 1 1 1 1 1 1 1 1 1 1 1 1 1 1 1 1 1 1 1 1 1 1
instanceKlass java/util/Hashtable
ciInstanceKlass java/util/Dictionary 1 1 31 10 100 7 1 1 1 1 1 1 1 1 1 1 1 1 1 1 1 1 1 1 1 1 1 1 1 1 12 1 1
instanceKlass java/util/Properties
ciInstanceKlass java/util/Hashtable 1 1 431 100 9 9 9 10 10 100 100 10 8 10 10 10 10 10 8 10 9 7 7 4 10 9 4 10 11 10 10 10 100 10 9 10 9 10 10 3 9 9 3 10 10 10 11 11 11 11 7 11 11 10 10 10 9 9 9 100 100 10 10 8 10 10 8 10 8 10 7 10 10 100 10 10 7 10 100 10 10 7 11 11 100 10 10 10 11 100 10 100 11 11 10 10 10 10 10 100 10 10 8 10 10 100 11 10 10 10 7 100 100 100 1 1 1 1 1 1 1 1 1 1 1 1 1 1 1 1 1 1 1 5 0 1 1 1 1 1 1 1 1 1 1 3 1 3 1 3 1 1 1 1 1 100 1 1 1 1 1 1 1 1 1 1 1 1 1 1 1 100 1 1 100 1 1 1 1 1 1 1 1 1 1 1 1 100 1 1 1 100 1 1 100 100 100 1 1 1 1 1 1 1 1 1 1 1 1 100 100 100 1 1 1 1 1 100 1 1 1 100 1 1 1 1 1 1 1 1 100 1 1 1 1 1 1 1 1 1 1 100 1 100 1 1 100 1 1 1 1 1 1 1 1 1 1 1 1 1 1 1 1 12 12 12 12 12 1 1 1 12 12 12 12 7 12 1 12 12 1 1 7 12 12 12 12 12 12 12 1 12 7 12 12 12 12 12 12 12 12 12 12 7 12 7 12 12 1 12 12 12 12 12 12 12 1 1 12 1 12 1 1 7 12 1 12 12 1 12 12 1 1 12 1 12 12 1 100 12 100 12 1 100 12 100 12 12 100 12 12 12 100 12 1 12 1 12 100 12 1 100 12 12 12 1 1 1 1 1 1 1 1 1 1 1 1 1 1 1 1 1 1 1 1 1 1 1 1 1 1 1 1 1 1 1 1 1 1 1 1 1 1 1 1 1 1 1 1 1 1 1 1 1 1 1 1 1 1 1 1 1 1 1 1 1 1 1 1 1 1 1 1
instanceKlass com/mathworks/services/Prefs$PrefsProperties
ciInstanceKlass java/util/Properties 1 1 273 10 10 9 10 7 10 10 10 10 9 10 100 3 100 8 10 7 10 10 100 10 10 10 10 10 8 10 10 10 10 10 100 100 10 10 100 8 10 10 100 10 10 100 10 10 10 10 11 11 10 10 8 10 10 100 10 10 8 10 100 10 10 10 7 10 10 10 10 8 10 8 10 10 9 7 100 1 1 1 1 1 1 5 0 1 1 1 1 1 1 1 1 1 1 1 1 1 1 1 1 1 1 100 100 100 1 1 1 1 100 1 1 100 100 1 1 100 1 1 1 1 1 100 1 1 100 100 100 1 100 1 1 1 1 1 1 1 1 1 1 1 1 1 1 100 1 1 1 1 1 1 1 1 1 1 1 1 12 12 12 12 1 12 12 12 12 12 12 1 1 1 12 1 12 12 1 12 12 12 12 12 1 12 12 12 12 12 1 1 12 12 1 1 12 12 1 12 1 12 100 12 12 12 12 1 12 100 12 1 12 12 1 12 1 12 12 1 12 12 12 1 100 12 1 100 12 1 1 1 1 1 1 1 1 1 1 1 1 1 1 1 1 1 1 1 1 1 1 1 1 1 1 1 1 1 1 1 1 1 1 1 1 1 1 1 1 1 1 1 1 1 1
staticfield java/util/Properties hexDigit [C 16
instanceKlass java/lang/reflect/Executable
instanceKlass java/lang/reflect/Field
ciInstanceKlass java/lang/reflect/AccessibleObject 1 1 147 10 9 10 10 7 10 7 100 8 10 9 10 100 8 10 11 10 10 10 9 10 10 100 10 10 7 8 10 7 10 10 7 9 7 7 100 1 1 1 1 1 1 1 1 1 1 1 1 1 100 1 1 1 1 1 1 1 1 1 1 1 1 1 1 1 1 1 1 1 1 1 1 1 1 1 100 100 100 1 1 1 1 1 1 1 7 12 12 100 12 12 1 12 1 1 1 12 12 12 1 1 12 12 12 12 12 12 100 12 12 1 12 7 12 1 1 1 1 1 7 12 1 12 1 1 1 1 1 1 1 1 1 1 1 1 1 1 1 1 1 1 1 1 1 1 1
staticfield java/lang/reflect/AccessibleObject ACCESS_PERMISSION Ljava/security/Permission; java/lang/reflect/ReflectPermission
staticfield java/lang/reflect/AccessibleObject reflectionFactory Lsun/reflect/ReflectionFactory; sun/reflect/ReflectionFactory
ciInstanceKlass java/lang/reflect/Field 1 1 367 9 10 10 10 9 10 10 10 10 9 9 9 9 9 9 9 100 8 10 7 10 9 9 10 100 10 10 10 10 10 10 10 100 10 8 10 10 8 10 10 8 10 11 9 10 10 10 10 11 11 11 11 11 11 11 11 11 11 11 11 11 11 11 11 11 11 10 10 9 10 10 10 10 11 10 100 10 10 9 10 11 10 10 9 10 7 100 1 1 1 1 1 1 1 1 1 1 1 1 1 1 1 1 1 1 1 1 1 1 1 1 1 1 1 1 1 1 1 1 1 1 1 1 1 1 1 1 1 1 1 1 1 1 1 1 1 1 1 100 1 1 100 100 1 100 1 1 1 100 1 1 1 1 1 1 1 1 1 1 1 1 1 1 1 1 1 1 1 1 1 1 1 1 1 1 1 1 1 1 1 1 1 1 1 1 1 100 1 1 1 1 1 1 1 1 1 1 1 1 1 1 1 1 1 1 1 1 12 12 100 12 100 12 12 12 12 100 12 12 12 12 12 12 12 12 12 1 1 12 1 12 12 12 12 1 12 12 12 12 12 100 100 12 1 1 12 12 1 12 12 1 100 12 7 12 12 12 12 7 12 12 12 12 12 12 12 12 12 12 12 12 12 12 12 12 12 12 12 12 12 7 12 12 100 12 12 100 12 1 100 12 100 12 12 100 12 100 12 12 12 100 12 100 12 1 1 1 1 1 1 1 1 1 1 1 1 1 1 1 1 1 1 1 1 1 1 1 1 1 1 1 1 1 1 1 1 1 1 1 1 1 1 1 1 1 1 1 1 1 1 1 1 1 1 1 1 100 1 1 1 1 1 1 1 1 1
ciInstanceKlass java/lang/reflect/Parameter 0 0 215 10 9 9 9 9 9 9 100 10 10 10 100 10 10 11 10 10 10 10 10 8 8 10 10 10 8 10 8 10 10 10 10 10 10 10 10 10 10 11 10 100 10 10 10 10 10 9 100 10 11 11 100 100 1 1 1 1 1 1 1 1 1 1 1 1 1 1 1 1 1 1 1 1 1 1 1 100 1 1 1 1 1 1 100 100 100 1 1 1 1 1 1 1 1 1 100 1 1 1 1 1 1 1 1 1 1 1 1 1 1 1 1 1 1 100 1 1 1 12 12 12 12 12 12 12 1 12 12 100 12 1 12 100 12 12 100 12 12 12 12 1 1 100 12 12 12 1 1 12 12 12 12 12 12 12 100 12 12 100 12 100 12 1 100 12 12 12 12 12 12 1 12 12 1 1 1 1 1 1 1 1 1 1 1 1 1 1 1 1 1 1 1 1 1 1 1 1 1 1 1 1 1 1 1 1 1 1 1 1 1 1 1 1 1
instanceKlass java/lang/reflect/Constructor
instanceKlass java/lang/reflect/Method
ciInstanceKlass java/lang/reflect/Executable 1 1 385 10 10 10 11 10 10 10 8 10 10 10 100 8 100 10 10 10 10 8 10 100 8 10 8 10 10 8 10 10 11 10 8 8 10 10 100 10 100 10 10 10 10 10 10 100 10 10 10 10 10 100 10 100 8 10 10 100 8 10 10 10 10 10 8 8 3 8 9 10 100 8 9 10 10 10 10 10 10 100 10 10 10 10 11 10 100 10 10 9 10 10 10 9 10 10 9 10 9 10 9 100 7 100 100 1 1 1 1 1 1 1 1 1 1 1 1 1 1 1 1 1 1 1 1 1 1 1 1 1 1 1 1 1 1 1 1 1 100 100 100 100 1 1 1 1 1 100 100 100 100 1 1 1 1 1 1 1 1 1 1 1 1 1 1 1 1 1 1 100 1 1 1 1 1 1 100 1 1 1 1 1 1 1 1 1 1 1 1 1 1 1 1 1 1 1 1 1 1 1 1 1 1 1 1 1 1 1 1 1 1 1 12 100 12 12 100 12 100 12 12 12 1 12 12 12 1 1 1 12 12 12 1 12 1 1 12 1 12 100 1 12 12 12 1 1 100 12 12 1 12 1 12 12 100 12 12 12 1 12 12 12 12 100 12 12 1 1 12 12 1 1 12 12 12 12 1 1 1 12 12 1 1 12 12 12 12 12 12 12 1 12 12 100 12 12 100 12 12 1 100 12 12 12 12 12 12 100 12 100 12 12 12 12 12 12 12 1 1 1 1 1 1 1 1 1 1 1 1 1 1 1 1 1 1 1 1 1 1 1 1 1 1 1 1 1 1 1 1 1 1 1 1 1 1 1 1 1 1 1 1 1 1 1 1 1 1 1 1 100 1 1 1 1 1 1 1 1 1 1 1 1 1 1 1
ciInstanceKlass java/lang/reflect/Method 1 1 353 9 10 10 9 10 10 10 10 9 9 9 9 9 9 9 9 9 9 9 100 8 10 7 10 9 10 10 100 100 10 10 10 7 10 10 10 10 10 10 10 10 10 10 10 10 10 10 10 10 10 11 9 10 10 10 10 11 10 100 10 10 10 10 9 10 10 10 10 10 11 10 100 100 100 10 8 10 10 10 10 10 10 10 8 7 1 1 1 1 1 1 1 1 1 1 1 1 1 1 1 1 1 1 1 1 1 1 1 1 1 1 1 1 1 1 1 1 1 1 1 1 1 1 1 1 1 1 1 1 1 1 1 1 1 1 1 1 1 1 1 1 1 1 1 1 1 1 1 1 1 1 1 100 1 1 1 1 1 1 1 1 100 1 100 100 1 1 1 1 1 1 1 1 1 1 1 1 1 100 100 1 1 1 1 1 1 1 1 1 1 1 1 1 1 12 100 12 100 12 12 12 12 100 12 12 12 12 12 12 12 12 12 12 12 12 12 1 1 12 1 12 12 12 12 1 1 12 12 7 12 12 100 12 12 12 100 12 12 100 100 12 12 12 12 12 12 12 12 12 100 12 100 12 12 12 12 100 12 12 1 12 12 12 12 12 100 12 12 100 12 100 12 100 12 100 12 100 12 1 1 1 1 12 12 12 12 12 12 1 1 1 1 1 1 1 1 1 1 1 1 1 1 1 1 1 1 1 1 1 1 1 1 1 1 1 1 1 1 1 1 1 1 1 1 1 1 1 1 1 1 1 1 1 1 1 1 1 1 1 1 1 1 1 1 1 1 1 1 1 1 1 1
ciInstanceKlass java/lang/reflect/Constructor 1 1 335 10 10 9 10 10 10 9 10 9 9 9 9 9 9 9 9 100 8 10 7 10 9 10 10 10 10 100 100 10 7 10 10 10 10 10 10 10 10 10 10 10 9 10 10 10 10 100 8 10 11 10 10 10 9 10 10 10 10 10 10 10 10 10 100 8 10 10 10 10 10 10 11 9 10 7 1 1 1 1 1 1 1 1 1 1 1 1 1 1 1 1 1 1 1 1 1 1 1 1 1 1 1 1 1 1 1 1 1 1 1 1 1 1 1 1 1 1 1 1 1 1 1 1 1 1 1 1 1 1 1 1 1 1 1 1 1 1 1 1 1 1 1 1 1 1 100 1 100 100 100 1 1 1 1 1 1 1 1 1 1 1 1 1 1 1 1 1 1 1 1 1 1 1 100 1 1 1 1 1 1 100 12 100 12 12 12 12 100 12 12 12 12 12 12 12 12 12 12 12 1 1 12 1 12 12 12 7 12 12 12 1 1 7 12 12 100 12 12 100 12 12 12 12 100 12 12 12 12 100 12 12 12 12 1 1 12 7 12 12 12 12 12 7 12 12 12 12 12 12 12 12 12 1 1 12 12 12 12 100 12 100 12 100 12 100 12 1 1 1 1 1 1 1 1 1 1 1 1 1 1 1 1 1 1 1 1 1 1 1 1 1 1 1 1 1 1 1 1 1 1 1 1 1 1 1 1 1 1 1 1 1 1 1 1 1 1 1 1 1 1 1 1 1 1 100 1 1 1 1 1 1 1 1 1
instanceKlass sun/reflect/FieldAccessorImpl
instanceKlass sun/reflect/ConstructorAccessorImpl
instanceKlass sun/reflect/MethodAccessorImpl
ciInstanceKlass sun/reflect/MagicAccessorImpl 1 1 13 10 100 7 1 1 1 1 1 1 12 1 1
ciInstanceKlass sun/reflect/MethodAccessorImpl 0 0 22 10 100 100 100 1 1 1 1 1 1 1 100 100 1 1 12 1 1 1 1 1
instanceKlass sun/reflect/DelegatingConstructorAccessorImpl
instanceKlass sun/reflect/NativeConstructorAccessorImpl
ciInstanceKlass sun/reflect/ConstructorAccessorImpl 1 1 24 10 100 7 100 1 1 1 1 1 1 1 100 100 100 1 1 12 1 1 1 1 1 1
ciInstanceKlass sun/reflect/DelegatingClassLoader 0 0 13 10 100 100 1 1 1 1 1 1 12 1 1
ciInstanceKlass sun/reflect/ConstantPool 0 0 106 10 9 10 10 10 10 10 10 10 10 10 10 10 10 10 10 100 100 8 10 100 1 1 1 1 1 1 1 1 1 1 1 1 1 1 1 1 1 1 1 1 1 1 1 1 1 1 1 1 1 1 1 1 1 1 1 1 1 1 1 1 1 1 1 1 1 1 1 1 1 1 1 1 1 1 1 1 1 1 1 1 12 12 12 12 12 12 12 12 12 12 12 12 12 12 12 12 1 1 100 12 1 1 1 1
instanceKlass sun/reflect/UnsafeFieldAccessorImpl
ciInstanceKlass sun/reflect/FieldAccessorImpl 1 1 56 10 100 7 100 1 1 1 1 1 1 1 100 1 1 1 1 1 1 1 1 1 1 1 1 1 1 1 1 1 1 100 1 1 1 1 1 1 1 1 1 1 1 1 1 1 1 1 1 1 12 1 1 1 1 1
instanceKlass sun/reflect/UnsafeStaticFieldAccessorImpl
ciInstanceKlass sun/reflect/UnsafeFieldAccessorImpl 1 1 233 10 9 10 10 9 10 9 10 10 9 10 10 10 10 100 10 10 10 8 10 10 100 8 10 8 10 8 10 100 10 10 8 10 8 10 8 10 8 10 8 10 8 10 8 10 8 10 8 10 10 8 8 8 8 8 8 10 8 8 8 10 10 7 7 1 1 1 1 1 1 1 1 1 1 1 1 1 100 100 1 1 1 1 1 1 1 1 1 100 100 1 1 1 1 1 1 1 1 1 1 1 1 1 1 1 1 1 1 1 1 1 1 1 1 12 12 7 12 7 12 12 7 12 12 12 12 12 12 100 12 100 12 12 1 12 12 1 12 1 1 12 1 12 1 12 1 12 1 12 1 100 12 1 100 12 1 100 12 1 100 12 1 100 12 1 100 12 1 100 12 1 100 12 12 1 1 1 1 1 1 100 12 1 1 1 12 12 1 1 1 1 1 1 1 1 1 1 1 1 1 1 1 1 1 1 1 1 1 1 1 1 1 1 1 1 1 1 1 1 1 1 1 1 1 1 1 1 1 1 1 1 1
staticfield sun/reflect/UnsafeFieldAccessorImpl unsafe Lsun/misc/Unsafe; sun/misc/Unsafe
instanceKlass sun/reflect/UnsafeQualifiedStaticFieldAccessorImpl
instanceKlass sun/reflect/UnsafeStaticObjectFieldAccessorImpl
ciInstanceKlass sun/reflect/UnsafeStaticFieldAccessorImpl 1 1 38 10 9 10 9 7 7 8 10 7 1 1 1 1 1 1 1 1 1 1 12 12 7 12 12 1 1 7 12 1 1 1 1 1 1 1 1 1
ciInstanceKlass sun/reflect/CallerSensitive 0 0 17 100 100 100 1 1 1 1 1 1 1 1 1 1 1 1 1
instanceKlass java/lang/invoke/DelegatingMethodHandle
instanceKlass java/lang/invoke/BoundMethodHandle
instanceKlass java/lang/invoke/DirectMethodHandle
ciInstanceKlass java/lang/invoke/MethodHandle 1 1 444 9 10 10 10 9 10 10 10 10 10 10 11 10 10 10 9 10 100 100 10 8 10 10 8 10 10 10 10 10 10 10 10 10 7 10 10 10 8 10 10 10 10 10 8 10 8 10 8 10 9 100 10 9 9 8 10 10 10 10 10 10 10 10 8 10 10 10 10 10 10 9 8 10 10 8 10 10 10 10 10 10 8 10 10 100 9 10 7 10 10 9 10 10 8 9 9 9 10 10 10 10 7 10 10 8 10 10 100 10 100 1 1 1 1 1 1 1 1 1 1 1 1 1 1 1 1 1 1 1 1 1 1 100 1 1 1 1 1 1 1 1 1 1 1 1 1 1 1 100 1 1 1 1 1 1 1 100 100 1 1 1 1 1 100 100 1 1 1 1 1 1 1 1 1 1 1 1 1 1 1 1 1 1 1 1 100 1 1 1 1 1 1 1 1 1 1 1 1 7 1 1 1 1 1 1 1 1 1 1 1 1 1 1 1 1 1 100 1 1 12 12 12 7 12 12 12 7 12 12 100 12 12 12 100 12 12 12 12 12 12 1 1 1 12 12 1 12 12 7 12 12 12 12 12 7 12 7 12 1 12 12 12 1 7 12 12 12 12 12 1 12 1 12 1 100 12 12 1 100 12 100 1 12 12 12 12 12 12 12 12 1 12 12 12 12 12 12 12 1 12 12 1 12 12 7 12 12 12 1 12 12 1 12 1 100 12 12 12 12 12 1 12 12 12 7 12 12 12 12 1 12 12 12 12 1 12 1 1 1 1 1 1 1 1 1 1 1 1 1 1 1 1 1 1 1 1 1 1 1 1 1 1 1 1 1 1 1 1 1 1 1 1 1 1 1 1 1 1 1 1 1 1 1 1 1 1 1 1 1 1 1 1 1 1 1 1 1 1 1 1 1 1 1 1 1 1 1 1 1 1 1 1 1 1 1 1 1 1 1 1 1 1 1 1 1 1 1 1 1 1 1 1 1 1 1 1 1 1 1 1 1 1 1
staticfield java/lang/invoke/MethodHandle FORM_OFFSET J 20
staticfield java/lang/invoke/MethodHandle $assertionsDisabled Z 1
instanceKlass java/lang/invoke/DirectMethodHandle$Special
instanceKlass java/lang/invoke/DirectMethodHandle$Accessor
instanceKlass java/lang/invoke/DirectMethodHandle$Interface
ciInstanceKlass java/lang/invoke/DirectMethodHandle 1 1 712 100 7 7 10 10 10 100 10 10 10 10 10 7 7 10 10 10 10 10 10 10 9 100 10 9 10 10 10 10 10 10 7 10 10 10 10 7 10 100 10 7 10 10 10 100 10 10 7 10 10 10 10 10 10 10 10 8 10 10 10 10 10 9 100 10 10 10 7 10 8 10 10 10 10 10 10 10 10 10 10 10 10 10 10 10 10 10 10 10 8 8 8 8 8 8 8 8 8 8 8 10 10 7 9 7 10 100 10 10 10 10 7 9 10 9 9 9 10 7 10 9 10 10 8 10 10 10 10 9 9 10 10 7 7 7 9 10 10 10 10 9 10 100 10 100 10 10 9 9 10 9 10 10 10 10 10 9 10 10 10 10 9 9 10 10 9 9 9 9 10 9 9 10 10 9 10 9 10 10 7 10 10 10 10 10 8 8 8 9 10 7 10 10 9 9 9 9 9 9 8 8 8 8 10 10 9 9 100 1 7 1 1 1 1 1 1 100 1 1 1 1 7 1 1 1 1 1 1 1 1 1 1 1 1 1 1 1 1 1 1 1 1 1 1 1 1 100 100 100 100 1 1 1 1 1 1 1 1 1 1 100 1 1 1 1 1 1 1 1 1 1 1 1 1 1 100 100 100 1 1 1 1 1 1 1 1 1 1 1 1 100 100 1 1 1 1 7 1 1 1 1 1 1 1 1 1 1 1 1 1 1 1 1 1 1 100 100 1 1 1 1 1 7 1 1 1 1 12 12 12 1 12 12 12 12 12 1 1 12 12 12 12 12 12 12 12 1 12 12 12 12 12 12 12 1 7 12 12 12 12 1 12 1 12 1 12 12 12 1 12 12 1 12 12 12 12 100 12 100 12 12 12 12 12 12 100 12 1 12 7 12 12 1 1 12 12 12 12 12 12 12 12 12 12 12 12 7 12 12 12 12 12 1 1 1 1 1 1 1 1 1 1 1 12 12 1 12 1 12 1 7 12 12 12 12 1 12 12 12 12 12 12 1 12 12 100 12 12 1 12 12 12 12 12 12 7 12 12 1 1 1 12 12 12 12 12 12 12 1 12 1 12 12 12 12 12 12 12 12 12 12 12 12 12 7 12 12 7 12 12 12 12 12 12 12 12 12 12 12 12 12 12 12 12 12 12 12 1 12 12 7 12 12 12 1 1 1 7 12 1 12 12 12 12 12 12 12 12 1 1 1 1 12 12 12 12 1 1 1 1 1 1 1 1 1 1 1 1 1 1 1 1 1 1 1 1 1 1 1 1 1 1 1 1 1 1 1 1 1 1 1 1 1 1 1 1 1 1 1 1 1 1 1 1 1 1 1 1 1 1 1 1 1 1 1 1 1 1 1 1 1 1 1 1 1 1 1 1 1 1 1 1 1 1 1 1 1 1 1 1 1 1 1 1 1 1 1 1 1 1 1 1 1 1 100 1 1 1 1 1 1 1 1 1 1 1 1 1 1 1 1 1 1 1 1 1 1 1 1 1 1 1 1 1 1 1 1 1 1 1 1 1 1 1 1 1 1 1 1 1 1 1 1 1 1 1 1 1 1 1 1 1 1 1 1 1 1 1 1 1 1 1 1 1 1 1 1 1 1 1 1
staticfield java/lang/invoke/DirectMethodHandle IMPL_NAMES Ljava/lang/invoke/MemberName$Factory; java/lang/invoke/MemberName$Factory
staticfield java/lang/invoke/DirectMethodHandle ACCESSOR_FORMS [Ljava/lang/invoke/LambdaForm; 132 [Ljava/lang/invoke/LambdaForm;
staticfield java/lang/invoke/DirectMethodHandle $assertionsDisabled Z 1
ciInstanceKlass java/lang/invoke/MemberName 1 1 654 7 7 100 10 10 10 9 9 10 9 10 10 10 10 10 10 10 9 10 100 7 10 8 10 10 10 10 9 8 10 7 7 10 10 7 7 7 10 9 100 8 10 10 10 10 10 10 10 10 10 8 8 8 10 10 9 3 10 10 10 10 10 10 10 10 10 7 8 10 10 8 9 8 9 10 8 10 10 10 10 10 100 10 10 8 10 10 8 10 10 100 10 10 8 8 10 10 10 10 10 10 10 10 10 3 10 3 10 3 3 3 3 3 3 10 100 10 3 10 3 10 10 10 10 10 10 10 10 10 10 10 10 100 10 10 10 100 10 10 10 10 100 10 10 8 10 10 10 10 10 10 10 10 10 10 10 100 10 100 8 10 10 10 10 10 10 10 8 8 8 8 10 10 10 8 8 10 8 10 10 10 8 8 10 10 8 8 100 10 8 8 8 8 10 7 7 7 10 100 10 7 10 9 10 100 100 7 1 1 1 1 1 1 1 1 1 1 1 1 1 1 1 3 1 3 1 3 1 3 1 3 1 3 1 1 1 1 1 1 1 1 3 1 1 1 1 3 1 1 1 1 1 1 1 1 1 1 1 1 1 1 1 100 100 1 100 1 1 1 1 1 1 1 1 1 1 1 1 1 1 1 1 1 1 1 1 1 1 1 1 1 1 1 1 100 1 1 1 1 1 1 1 1 1 1 1 1 1 1 1 1 1 1 1 1 1 1 1 1 1 1 1 1 1 1 1 1 1 100 100 1 1 1 1 1 100 1 1 1 100 1 1 1 1 1 1 1 1 1 100 1 1 1 1 1 1 1 1 100 1 1 1 1 1 1 1 1 1 100 1 1 1 1 1 100 1 1 1 1 1 1 1 1 1 1 1 1 1 1 7 1 1 12 12 12 12 12 12 12 12 12 12 12 12 12 12 100 12 12 1 1 12 1 12 12 12 12 12 1 100 12 1 1 12 1 1 1 12 12 1 1 12 12 12 12 12 12 12 12 12 1 1 1 100 12 12 12 12 12 12 12 12 12 12 12 1 12 12 100 100 12 1 12 12 12 12 12 1 12 12 1 12 12 1 12 12 1 12 12 1 1 12 12 12 12 12 12 12 12 12 12 12 100 1 1 7 12 12 12 12 12 7 12 12 12 12 12 12 1 12 1 12 12 1 12 100 12 100 12 12 12 12 12 12 12 1 12 1 1 7 12 12 7 12 12 12 1 1 1 1 12 12 12 1 1 12 1 12 12 1 1 12 1 1 1 1 1 1 1 12 1 1 1 1 1 7 12 12 12 1 1 1 1 1 1 1 1 1 1 1 1 1 1 1 1 1 1 1 1 1 1 1 1 1 1 1 1 1 1 1 1 1 1 1 1 1 1 1 1 1 1 1 1 1 1 1 1 1 1 1 1 1 1 1 1 1 1 1 1 1 1 1 1 1 1 1 1 1 1 1 1 1 1 1 1 1 1 1 1 1 1 1 1
staticfield java/lang/invoke/MemberName $assertionsDisabled Z 1
ciInstanceKlass java/lang/invoke/MethodHandleNatives 1 1 442 100 10 9 10 100 10 10 10 10 8 8 8 8 8 8 8 8 8 8 7 10 7 10 10 100 10 10 8 10 8 10 8 10 9 8 10 100 10 100 100 8 7 7 10 10 7 9 10 10 10 7 10 10 10 10 100 10 9 8 10 8 10 8 8 8 100 8 10 10 10 10 10 100 10 10 8 8 10 10 10 8 10 8 8 9 10 10 10 100 100 10 10 10 100 100 10 10 100 10 10 100 100 10 10 10 10 100 10 10 10 10 10 10 10 8 8 100 10 100 10 10 10 10 7 10 10 10 9 10 10 10 1 1 1 1 1 1 1 1 1 1 1 1 1 1 1 1 100 1 1 1 1 1 1 1 1 1 1 1 1 1 1 1 1 1 1 1 1 1 1 1 1 1 1 1 1 1 1 1 1 1 1 1 100 100 100 1 1 100 100 100 100 1 1 100 1 1 100 1 1 1 1 1 1 1 1 1 1 1 1 1 100 100 100 100 1 1 1 100 100 1 1 1 1 1 1 1 1 1 12 12 12 1 12 12 12 1 1 1 1 1 1 1 1 1 1 1 12 1 12 100 12 1 12 1 12 1 12 1 12 100 12 1 100 12 1 12 1 1 1 1 1 12 1 7 12 12 12 7 12 1 12 7 12 12 12 1 100 12 12 1 12 1 12 1 1 1 1 1 12 12 12 12 12 1 12 12 1 1 12 12 1 100 12 1 1 7 12 12 12 12 1 1 12 1 1 1 1 1 100 12 12 1 12 7 12 12 12 12 12 1 1 1 12 1 12 12 12 12 1 12 12 12 12 7 12 12 12 1 1 1 1 1 1 1 1 1 1 1 1 1 1 1 1 1 1 1 1 1 1 1 1 1 1 1 1 1 1 1 1 1 1 1 1 1 1 1 1 1 1 1 1 1 1 1 1 1 1 1 1 1 1 1 100 1 1 1 1 1 1 1 1 1 1 1 1 1 1 1 1 1 1 1 1 1 1 1 1 1 1 1
staticfield java/lang/invoke/MethodHandleNatives COUNT_GWT Z 1
staticfield java/lang/invoke/MethodHandleNatives $assertionsDisabled Z 1
ciInstanceKlass java/lang/invoke/LambdaForm 1 1 986 7 100 9 10 10 9 9 10 100 10 9 10 9 10 7 9 10 9 9 9 10 7 10 10 10 10 10 10 10 9 10 8 10 10 10 10 7 10 10 8 10 10 10 100 8 10 10 10 10 10 7 10 7 10 10 9 9 10 10 100 10 10 10 10 10 10 10 10 10 10 8 10 10 8 8 9 9 9 10 10 10 9 10 10 10 10 10 10 10 10 8 8 8 8 8 8 8 8 10 9 10 10 10 10 10 10 10 7 10 10 9 10 10 10 10 10 10 8 10 100 100 10 10 10 10 11 11 11 7 10 10 10 10 7 10 8 10 10 8 10 10 10 7 10 8 10 9 10 10 8 8 10 10 8 8 8 10 10 9 10 8 8 9 10 10 8 8 8 100 8 100 8 100 8 10 8 10 9 10 10 9 10 10 10 10 10 10 10 10 10 10 8 100 10 10 9 10 8 8 100 8 8 9 8 8 8 10 8 8 8 10 10 8 8 8 10 8 10 8 8 8 8 8 10 10 10 10 10 10 10 10 10 10 10 10 10 10 10 10 10 10 10 9 8 10 11 11 9 9 9 9 9 10 10 8 10 8 9 7 10 100 10 7 10 9 10 10 10 10 9 10 10 9 10 9 10 9 7 9 9 10 100 10 10 10 10 9 100 1 100 1 100 1 1 1 7 1 1 1 1 1 1 1 1 1 1 1 1 1 1 1 1 1 1 1 1 1 3 1 3 1 3 1 1 1 3 1 1 1 7 1 1 1 1 1 1 1 1 1 1 1 1 1 1 1 1 1 1 1 1 100 100 100 1 1 1 1 1 1 100 1 1 1 1 1 1 1 100 100 100 100 1 1 1 1 1 1 1 1 1 1 1 1 1 1 1 1 1 1 1 1 1 1 1 1 1 1 1 1 1 1 1 100 1 1 1 1 100 1 100 100 1 1 1 1 1 1 1 1 1 100 1 1 1 1 1 1 1 100 1 1 1 1 1 1 1 1 1 1 1 1 100 1 1 1 1 1 1 1 1 1 1 1 1 1 1 1 1 1 100 1 1 1 1 100 1 1 1 100 1 1 1 1 1 1 1 1 1 1 1 1 1 1 1 1 1 1 1 1 1 1 1 100 100 100 1 1 1 1 1 1 1 1 1 1 1 1 1 1 1 1 1 1 1 1 1 1 1 1 1 1 100 1 1 12 12 12 12 12 12 1 12 12 12 7 12 12 12 12 12 12 12 1 12 12 100 12 100 12 12 12 12 12 12 1 12 12 12 7 12 1 12 1 12 12 12 1 1 12 12 12 12 12 1 12 1 12 12 12 12 12 12 1 12 12 12 12 12 12 100 12 12 1 12 12 1 1 12 12 12 12 7 12 12 12 7 12 12 12 12 12 12 12 1 1 1 1 1 1 1 1 12 12 12 12 12 12 12 12 12 1 12 12 12 12 12 12 12 7 12 12 1 1 7 12 12 12 7 12 7 12 12 1 12 12 12 12 1 12 1 12 12 1 12 12 1 12 1 12 12 12 12 1 1 12 12 1 1 1 12 12 100 12 12 1 1 12 12 12 1 1 1 1 1 1 1 1 1 12 1 12 7 12 12 12 12 12 12 12 12 12 12 12 12 1 1 12 12 12 12 1 1 1 1 1 12 1 1 1 100 12 1 1 1 12 12 1 1 1 12 1 12 1 1 1 1 1 12 12 12 7 12 12 12 12 12 12 12 12 12 12 12 12 12 12 12 12 1 12 12 12 12 12 12 12 12 12 12 1 12 1 12 1 12 1 12 1 12 12 12 12 12 12 12 7 12 12 12 12 12 12 12 12 1 12 12 12 1 1 1 1 1 1 1 1 1 1 1 1 1 1 1 1 1 1 1 1 1 1 1 1 1 1 1 1 1 1 1 1 1 1 1 1 1 1 1 1 1 1 1 1 1 1 1 1 1 1 1 1 1 1 1 1 1 1 1 1 1 1 1 1 1 1 1 1 1 1 1 1 1 1 1 1 1 1 1 1 1 1 1 1 1 1 1 1 1 1 1 1 1 1 1 1 1 1 1 1 1 1 1 1 1 1 1 1 1 1 1 1 1 1 1 1 1 1 1 1 1 1 1 1 1 1 1 1 1 1 1 1 1 1 1 1 1 1 1 1 1 1 1 1 1 1 1 1 1 1 1 1 1 1 1 1 1 1 1 1 1 1 1 1 1 1 1 1 1 1 1 1 1 1 1 1 1 1
staticfield java/lang/invoke/LambdaForm COMPILE_THRESHOLD I 0
staticfield java/lang/invoke/LambdaForm INTERNED_ARGUMENTS [[Ljava/lang/invoke/LambdaForm$Name; 5 [[Ljava/lang/invoke/LambdaForm$Name;
staticfield java/lang/invoke/LambdaForm IMPL_NAMES Ljava/lang/invoke/MemberName$Factory; java/lang/invoke/MemberName$Factory
staticfield java/lang/invoke/LambdaForm LF_identityForm [Ljava/lang/invoke/LambdaForm; 6 [Ljava/lang/invoke/LambdaForm;
staticfield java/lang/invoke/LambdaForm LF_zeroForm [Ljava/lang/invoke/LambdaForm; 6 [Ljava/lang/invoke/LambdaForm;
staticfield java/lang/invoke/LambdaForm NF_identity [Ljava/lang/invoke/LambdaForm$NamedFunction; 6 [Ljava/lang/invoke/LambdaForm$NamedFunction;
staticfield java/lang/invoke/LambdaForm NF_zero [Ljava/lang/invoke/LambdaForm$NamedFunction; 6 [Ljava/lang/invoke/LambdaForm$NamedFunction;
staticfield java/lang/invoke/LambdaForm DEBUG_NAME_COUNTERS Ljava/util/HashMap; null
staticfield java/lang/invoke/LambdaForm TRACE_INTERPRETER Z 0
staticfield java/lang/invoke/LambdaForm $assertionsDisabled Z 1
ciInstanceKlass java/lang/invoke/MethodType 1 1 610 7 10 10 10 9 10 7 9 9 10 9 8 10 10 9 9 10 7 10 8 10 10 10 100 8 10 100 10 10 10 10 11 9 11 7 10 9 10 10 10 10 10 9 7 10 7 10 10 10 10 10 10 10 10 10 10 8 8 10 9 100 10 10 10 10 10 10 10 10 10 8 10 10 10 10 10 11 10 10 10 10 10 7 10 10 10 10 9 7 10 10 10 10 10 10 10 10 8 8 10 8 10 10 9 10 10 10 10 10 10 10 10 10 10 10 10 9 7 10 10 10 10 10 8 10 11 9 10 10 10 10 10 10 10 10 10 9 9 10 9 10 7 10 7 9 8 10 10 8 100 100 10 100 1 1 1 1 1 5 0 1 1 1 1 1 1 1 1 1 1 1 1 1 1 1 1 1 1 1 3 1 3 1 3 1 1 1 1 1 1 1 1 1 1 1 1 1 1 1 1 1 100 100 1 1 1 1 1 1 1 1 1 1 1 1 1 1 1 1 1 1 1 1 1 1 1 1 1 1 1 1 1 1 1 1 1 1 1 1 1 1 1 1 1 1 1 1 1 1 1 1 1 1 1 1 1 1 1 1 1 1 1 1 1 1 1 1 1 1 1 1 1 1 1 1 1 1 1 1 1 1 1 1 1 1 1 1 1 1 1 1 1 1 1 1 1 1 1 1 1 1 100 1 1 1 1 100 1 1 1 1 1 1 1 100 1 1 100 1 1 1 1 1 1 100 100 1 100 1 1 1 1 1 100 1 1 100 1 1 1 1 1 100 1 1 100 1 1 1 12 12 12 12 7 12 12 12 7 12 7 12 1 7 12 12 7 7 12 1 1 12 12 12 1 1 12 1 12 12 12 7 12 12 12 1 7 12 12 12 12 12 12 12 12 1 12 1 12 12 100 12 12 12 12 12 12 12 12 1 1 12 12 1 12 12 12 12 100 12 12 12 1 12 12 7 12 12 12 12 12 12 12 12 12 1 12 12 12 12 1 12 7 12 12 7 12 12 12 1 1 12 1 100 12 12 12 12 12 12 12 12 12 100 12 12 12 12 12 12 1 12 12 12 7 12 12 1 7 12 12 12 12 12 100 12 12 12 12 100 12 12 100 12 12 7 12 12 12 1 1 12 12 12 1 1 12 1 1 1 1 1 1 1 1 1 1 1 1 1 1 1 1 1 1 1 1 1 1 1 1 1 1 1 1 1 1 1 1 1 1 1 1 1 1 1 1 1 1 1 1 1 1 1 1 1 1 1 1 1 1 1 1 1 1 1 1 1 1 1 1 1 1 1 1 1 1 1 1 1 1 1 1 1 1 1 1 1 1 1 1 1 1 1 1 1 1 1 1 1 1 1 1 1 1 1 1 1 1 1
staticfield java/lang/invoke/MethodType internTable Ljava/lang/invoke/MethodType$ConcurrentWeakInternSet; java/lang/invoke/MethodType$ConcurrentWeakInternSet
staticfield java/lang/invoke/MethodType NO_PTYPES [Ljava/lang/Class; 0 [Ljava/lang/Class;
staticfield java/lang/invoke/MethodType objectOnlyTypes [Ljava/lang/invoke/MethodType; 20 [Ljava/lang/invoke/MethodType;
staticfield java/lang/invoke/MethodType serialPersistentFields [Ljava/io/ObjectStreamField; 0 [Ljava/io/ObjectStreamField;
staticfield java/lang/invoke/MethodType rtypeOffset J 12
staticfield java/lang/invoke/MethodType ptypesOffset J 16
staticfield java/lang/invoke/MethodType $assertionsDisabled Z 1
ciInstanceKlass java/lang/BootstrapMethodError 0 0 39 10 10 10 10 10 100 100 1 1 1 5 0 1 1 1 1 1 1 1 1 100 100 1 1 12 12 12 100 12 12 1 1 1 1 1 1 1 1
instanceKlass java/lang/invoke/VolatileCallSite
instanceKlass java/lang/invoke/MutableCallSite
instanceKlass java/lang/invoke/ConstantCallSite
ciInstanceKlass java/lang/invoke/CallSite 1 1 322 10 10 9 10 10 100 7 10 7 10 10 10 100 100 10 10 10 8 10 10 10 9 10 10 10 10 100 8 10 10 10 100 10 9 10 10 10 10 9 9 10 10 9 10 10 10 10 10 10 7 10 10 10 10 10 10 7 100 8 10 10 10 10 10 7 100 8 10 10 100 8 10 7 10 10 10 8 10 10 8 10 10 100 10 8 10 10 100 100 10 1 1 1 1 1 1 1 1 1 1 1 1 1 1 1 1 1 1 1 1 1 100 1 1 1 1 1 1 1 1 100 1 1 1 1 1 100 100 100 100 100 100 100 1 1 1 1 1 1 1 1 100 100 1 1 12 12 12 12 12 1 1 12 1 12 12 12 1 1 100 12 12 1 12 12 12 12 12 100 12 12 1 1 12 12 1 12 12 12 12 12 100 12 7 12 12 7 12 12 7 12 12 12 12 12 7 12 12 1 12 12 12 12 12 12 1 1 1 12 12 100 12 12 1 1 1 12 1 1 12 1 12 12 7 12 12 12 12 12 1 12 12 12 1 1 12 1 1 1 1 1 1 1 1 1 1 1 1 1 1 1 1 1 1 1 1 1 1 1 1 1 1 1 1 1 1 1 1 1 1 1 1 1 1 1 1 1 1 1 1 1 1 1 1 1 1 1 1 1 1 1 1 1 1 1 1 1 1 1 1 1 1 1 1 1 1 1 1 1 1 1 1 1 1 1 1 1 1 1 1 1
staticfield java/lang/invoke/CallSite GET_TARGET Ljava/lang/invoke/MethodHandle; java/lang/invoke/DirectMethodHandle
staticfield java/lang/invoke/CallSite THROW_UCS Ljava/lang/invoke/MethodHandle; java/lang/invoke/MethodHandleImpl$AsVarargsCollector
staticfield java/lang/invoke/CallSite TARGET_OFFSET J 12
ciInstanceKlass java/lang/invoke/ConstantCallSite 1 1 42 10 9 10 100 10 9 100 10 10 7 7 1 1 1 1 1 1 1 1 100 1 1 1 1 1 1 1 12 12 12 1 12 12 1 12 1 1 1 1 1 1
ciInstanceKlass java/lang/invoke/MutableCallSite 0 0 57 10 10 9 10 10 10 9 10 10 100 10 100 100 1 1 1 1 1 1 1 1 1 1 1 1 1 1 1 1 1 1 12 12 12 12 12 12 12 12 100 12 1 12 1 1 1 1 1 1 1 1 1 1 1 1 1
ciInstanceKlass java/lang/invoke/VolatileCallSite 0 0 33 10 10 10 10 10 10 100 100 1 1 1 1 1 1 1 1 1 1 1 12 12 12 12 12 12 1 1 1 1 1 1 1
instanceKlass java/lang/StringBuilder
instanceKlass java/lang/StringBuffer
ciInstanceKlass java/lang/AbstractStringBuilder 1 1 318 7 10 9 9 10 10 10 7 3 10 3 100 10 100 10 10 10 10 100 10 10 10 8 10 10 10 10 10 10 10 10 10 10 10 7 10 11 10 8 100 10 8 10 10 8 8 10 10 11 3 8 10 10 7 5 0 8 10 10 10 10 10 10 10 10 100 10 8 8 10 10 10 8 8 8 10 10 8 10 10 10 10 10 10 10 10 10 10 10 10 10 10 10 7 100 7 1 1 1 1 1 1 1 1 1 1 1 1 1 1 1 1 1 1 1 1 1 1 1 1 1 1 1 1 1 1 1 1 1 1 1 1 1 1 1 1 1 1 1 1 1 1 1 1 1 1 1 1 1 1 1 1 1 1 1 1 1 1 1 1 1 1 1 1 1 1 1 1 1 1 1 1 1 1 1 1 1 1 1 1 1 100 1 1 1 1 1 12 12 12 12 12 7 12 1 12 1 1 12 12 100 12 12 1 12 12 1 12 7 12 12 12 12 12 12 100 1 12 12 1 1 1 12 12 1 1 12 12 1 12 12 1 1 12 12 100 12 12 12 12 12 1 1 1 12 12 12 1 1 1 12 12 1 12 12 12 12 12 12 12 12 12 12 12 12 12 12 12 1 1 1 1 1 1 1 1 1 1 1 1 1 1 1 1 1 1 1 1 1 1 1 1 1 1 1 1 1 1 1 1 1 1 1 1 1 1 1 1 1 1 1 1 1 1 1 1 1
ciInstanceKlass java/lang/StringBuffer 1 1 371 10 10 10 11 10 10 9 9 10 10 9 10 100 10 10 10 10 10 10 10 10 10 10 10 10 10 10 10 10 10 10 10 10 10 10 10 10 10 10 10 10 10 10 10 10 10 10 10 10 10 10 10 10 10 10 10 7 10 10 8 10 8 10 8 10 10 10 10 7 10 10 10 10 10 10 10 10 10 10 10 10 10 10 10 10 10 10 10 10 10 10 10 10 10 10 10 10 10 10 7 10 9 9 9 7 7 100 100 1 1 1 1 1 5 0 1 1 1 1 1 1 1 1 1 1 1 1 1 1 1 1 1 1 1 1 1 1 1 1 1 1 1 1 1 1 1 1 1 1 1 1 1 1 1 1 1 1 1 1 1 1 1 1 1 1 1 1 1 1 1 1 1 1 1 1 1 1 1 1 1 1 1 1 1 1 1 1 1 1 1 1 1 100 1 1 100 1 1 1 1 1 1 1 1 1 1 1 1 1 1 1 1 1 1 1 1 1 1 1 1 1 1 1 1 1 1 1 1 1 1 12 12 12 12 12 12 12 12 12 12 1 12 12 12 12 12 12 12 12 12 12 12 12 12 12 12 12 12 12 12 12 12 12 12 12 12 12 12 12 12 12 12 12 12 12 12 12 12 12 12 7 12 1 12 100 12 1 100 12 1 12 1 12 12 100 12 100 12 12 12 12 12 12 12 12 12 12 12 12 12 12 12 12 12 12 12 12 12 12 12 12 12 12 12 12 12 12 12 1 12 7 12 7 12 1 1 1 1 1 1 1 1 1 1 1 1 1 1 1 1 1 1 1 1 1 1 1 1 1 1 1 1 1 1 1 1 1 1 1 1
staticfield java/lang/StringBuffer serialPersistentFields [Ljava/io/ObjectStreamField; 3 [Ljava/io/ObjectStreamField;
ciInstanceKlass java/lang/StringBuilder 1 1 326 10 10 10 11 10 10 10 10 10 10 10 10 10 10 10 10 10 10 10 10 10 10 10 10 10 10 10 10 10 10 10 10 10 10 10 10 10 10 10 10 7 9 9 10 10 10 10 10 10 10 100 10 10 10 10 10 10 10 10 10 10 10 10 10 10 10 10 10 10 10 10 10 10 10 10 10 10 10 10 10 10 10 10 10 10 10 10 10 10 10 10 10 10 10 7 7 100 100 1 1 1 5 0 1 1 1 1 1 1 1 1 1 1 1 1 1 1 1 1 1 1 1 1 1 1 1 1 1 1 1 1 1 1 1 1 1 1 1 1 1 1 1 1 1 1 1 1 1 1 1 1 1 1 100 1 1 100 1 1 1 1 1 1 1 1 1 1 1 1 1 1 1 1 1 1 1 1 1 1 1 1 1 1 1 1 1 1 1 1 1 1 1 1 1 1 1 1 1 1 1 1 1 1 1 1 1 1 1 1 1 1 1 12 12 12 12 12 12 12 12 12 12 12 12 12 12 12 12 12 12 12 12 12 12 12 12 12 12 12 12 12 12 12 12 12 12 12 12 12 12 1 12 12 12 100 12 12 12 100 12 12 12 1 12 12 12 12 12 12 12 12 12 12 12 12 12 12 12 12 12 12 12 12 12 12 12 12 12 12 12 12 12 12 12 12 12 12 12 12 12 12 12 12 12 12 1 1 1 1 1 1 1 1 1 1 1 1 1 1 1 1 1 1 1 1
ciInstanceKlass sun/misc/Unsafe 1 1 390 10 10 10 10 100 8 10 9 10 10 10 10 10 10 10 10 10 10 10 10 10 10 10 10 10 10 10 10 10 10 10 10 10 10 10 10 10 10 10 10 100 10 10 7 7 8 10 10 7 10 9 7 9 7 9 7 9 7 9 7 9 7 9 7 9 7 9 10 9 9 9 9 9 9 9 9 9 10 9 7 1 1 1 1 1 3 1 1 1 1 1 1 1 1 1 1 1 1 1 1 1 1 1 1 1 1 1 1 1 1 1 1 1 100 1 1 1 1 1 1 1 1 1 1 1 1 1 1 1 1 1 1 1 1 1 1 1 1 1 1 1 1 1 1 1 1 1 1 1 1 1 1 1 1 1 1 1 1 1 1 1 1 1 1 1 1 1 1 1 1 1 1 1 1 1 1 1 1 1 1 1 1 1 1 1 1 1 1 1 1 1 1 1 1 1 1 1 1 1 1 1 1 1 100 1 1 1 1 1 1 1 1 1 1 1 1 1 1 1 1 1 1 1 1 1 1 1 1 1 1 1 100 1 1 1 1 1 1 1 1 1 1 1 1 1 1 1 1 1 1 1 1 1 1 1 1 1 1 1 1 1 1 1 1 1 1 1 1 1 1 1 1 1 1 1 1 1 1 1 1 1 1 1 1 1 1 12 7 12 7 12 7 12 1 1 12 12 12 12 12 12 12 12 12 12 12 12 12 12 12 12 12 12 12 12 12 12 100 12 100 12 12 12 12 12 12 12 12 12 12 12 1 12 1 1 12 1 12 12 1 12 1 12 1 12 1 12 1 12 1 12 1 12 1 12 12 12 12 12 12 12 12 12 12 12 12 12 1 1 1 1 1 1 1 1 1 1 1 1 1 1 1 1 1 1 1 1 1 1
staticfield sun/misc/Unsafe theUnsafe Lsun/misc/Unsafe; sun/misc/Unsafe
staticfield sun/misc/Unsafe ARRAY_BOOLEAN_BASE_OFFSET I 16
staticfield sun/misc/Unsafe ARRAY_BYTE_BASE_OFFSET I 16
staticfield sun/misc/Unsafe ARRAY_SHORT_BASE_OFFSET I 16
staticfield sun/misc/Unsafe ARRAY_CHAR_BASE_OFFSET I 16
staticfield sun/misc/Unsafe ARRAY_INT_BASE_OFFSET I 16
staticfield sun/misc/Unsafe ARRAY_LONG_BASE_OFFSET I 16
staticfield sun/misc/Unsafe ARRAY_FLOAT_BASE_OFFSET I 16
staticfield sun/misc/Unsafe ARRAY_DOUBLE_BASE_OFFSET I 16
staticfield sun/misc/Unsafe ARRAY_OBJECT_BASE_OFFSET I 16
staticfield sun/misc/Unsafe ARRAY_BOOLEAN_INDEX_SCALE I 1
staticfield sun/misc/Unsafe ARRAY_BYTE_INDEX_SCALE I 1
staticfield sun/misc/Unsafe ARRAY_SHORT_INDEX_SCALE I 2
staticfield sun/misc/Unsafe ARRAY_CHAR_INDEX_SCALE I 2
staticfield sun/misc/Unsafe ARRAY_INT_INDEX_SCALE I 4
staticfield sun/misc/Unsafe ARRAY_LONG_INDEX_SCALE I 8
staticfield sun/misc/Unsafe ARRAY_FLOAT_INDEX_SCALE I 4
staticfield sun/misc/Unsafe ARRAY_DOUBLE_INDEX_SCALE I 8
staticfield sun/misc/Unsafe ARRAY_OBJECT_INDEX_SCALE I 4
staticfield sun/misc/Unsafe ADDRESS_SIZE I 8
instanceKlass sun/java2d/cmm/ProfileDeferralInfo
instanceKlass java/io/ObjectInputStream
instanceKlass java/util/zip/ZipFile$ZipFileInputStream
instanceKlass java/io/FilterInputStream
instanceKlass java/io/FileInputStream
instanceKlass java/io/ByteArrayInputStream
ciInstanceKlass java/io/InputStream 1 1 63 10 10 100 10 100 10 10 100 100 5 0 10 8 10 7 100 1 1 1 3 1 1 1 1 1 1 1 1 1 1 100 1 1 100 100 1 1 1 1 1 1 1 1 1 12 12 1 1 12 1 1 100 12 1 12 1 1 1 1 1 1 1
ciInstanceKlass java/io/ByteArrayInputStream 1 1 62 10 9 9 9 9 10 100 10 100 10 10 7 7 1 1 1 1 1 1 1 1 1 1 1 1 1 1 1 1 1 1 1 1 1 1 1 1 1 100 1 1 12 12 12 12 12 100 12 1 1 7 12 1 1 1 1 1 1 1 1 1
ciInstanceKlass java/io/File 1 1 593 9 9 10 9 9 9 10 9 100 10 8 10 9 10 100 10 10 10 10 10 100 8 10 10 8 10 8 10 8 10 8 10 8 10 8 10 8 10 9 10 10 10 10 10 10 7 10 10 10 10 10 100 8 10 10 10 8 10 7 10 10 10 10 100 10 100 10 10 10 10 10 8 100 10 100 100 10 10 10 7 10 10 10 10 10 10 10 10 10 10 10 100 10 11 11 11 7 11 100 10 10 10 10 100 11 10 10 10 10 10 10 10 8 10 10 10 10 10 10 10 10 100 8 10 10 10 8 8 10 10 100 8 10 10 10 10 10 10 10 10 8 10 10 9 9 10 9 10 9 10 10 10 10 10 10 9 10 9 9 10 10 10 8 100 7 100 100 100 1 1 7 1 1 1 1 1 1 1 1 1 1 1 1 1 1 1 1 1 1 1 1 1 5 0 1 1 1 1 1 1 1 1 1 100 100 1 1 1 1 1 100 1 1 1 1 100 1 1 1 1 1 1 1 1 1 1 1 1 1 1 1 1 1 1 1 1 1 100 1 100 1 1 1 1 1 1 1 1 1 1 1 1 1 1 1 100 1 1 1 100 100 1 100 1 1 100 1 1 1 1 1 1 1 1 1 1 1 1 1 1 1 1 1 100 1 1 1 1 1 1 1 1 1 1 1 100 100 1 1 100 100 100 1 1 100 1 1 1 1 12 12 12 12 12 12 12 12 1 1 12 12 12 1 12 12 12 12 1 1 12 12 1 12 1 12 1 12 1 12 1 12 1 12 1 12 12 12 12 12 12 12 12 1 12 12 12 12 12 1 1 12 12 1 12 1 12 12 12 1 1 12 12 12 12 1 1 12 1 1 12 7 12 100 12 1 12 12 12 12 12 12 12 12 100 12 12 12 1 100 12 100 12 12 1 12 1 12 1 100 12 12 12 12 12 12 12 12 1 12 12 12 12 12 12 12 12 1 1 12 12 1 1 12 12 1 1 12 12 12 12 100 12 12 100 12 100 12 12 12 12 7 12 12 12 12 100 12 100 12 7 12 7 12 12 12 12 12 12 12 12 12 12 1 1 1 1 1 1 1 1 1 1 1 1 1 1 1 1 1 1 1 1 1 1 1 1 1 1 1 1 1 1 1 1 1 1 1 1 1 1 1 1 1 1 1 1 1 1 1 1 1 1 1 1 1 1 1 1 1 1 1 1 1 1 1 1 1 1 1 1 1 1 1 1 1 1 1 1 1 1 1 1 1 1 1 1 1 1 1 1 1 1 1 1 1 1 1 1 1 1 1 1 1 1 1 1 1 1 1 1 1 1 1 1 1 1 1 1 1 1 1 1
staticfield java/io/File fs Ljava/io/FileSystem; java/io/WinNTFileSystem
staticfield java/io/File separatorChar C 92
staticfield java/io/File separator Ljava/lang/String; "\"
staticfield java/io/File pathSeparatorChar C 59
staticfield java/io/File pathSeparator Ljava/lang/String; ";"
staticfield java/io/File PATH_OFFSET J 16
staticfield java/io/File PREFIX_LENGTH_OFFSET J 12
staticfield java/io/File UNSAFE Lsun/misc/Unsafe; sun/misc/Unsafe
staticfield java/io/File $assertionsDisabled Z 1
instanceKlass sun/misc/Launcher$ExtClassLoader
instanceKlass sun/misc/Launcher$AppClassLoader
ciInstanceKlass java/net/URLClassLoader 1 1 550 9 10 9 10 7 10 9 10 10 10 7 10 10 10 10 10 10 7 10 10 10 100 100 100 8 10 10 10 10 11 11 11 100 11 11 10 11 11 11 10 10 10 7 10 10 7 100 10 7 10 10 10 10 100 100 10 8 10 8 10 10 10 8 8 10 10 10 100 100 8 10 10 10 10 10 10 10 10 10 7 10 10 10 10 10 10 10 10 8 10 11 9 10 9 9 9 9 9 9 10 8 10 7 10 10 7 10 10 7 10 10 10 10 7 10 9 10 8 100 8 10 10 8 10 10 9 10 10 10 10 100 8 10 100 10 10 100 10 10 7 100 10 7 10 10 10 7 1 1 1 1 1 1 1 1 1 1 1 1 1 1 100 100 100 100 1 100 1 1 1 100 1 1 100 100 100 100 100 100 100 100 100 1 1 100 100 100 100 1 1 1 1 1 1 1 100 100 1 1 1 100 1 1 100 1 1 100 1 1 100 100 1 1 1 1 1 1 1 1 1 100 100 100 1 1 1 1 1 1 1 1 1 1 1 1 12 12 12 12 1 12 12 7 12 100 12 7 12 1 12 12 12 12 7 12 1 12 12 12 1 1 1 1 12 12 12 12 100 12 100 12 12 1 12 100 12 12 12 12 12 12 12 1 12 12 1 1 12 1 12 7 12 12 1 1 1 12 1 12 12 1 1 12 12 12 1 1 1 12 12 7 12 7 12 12 12 12 12 12 1 12 7 12 12 12 12 12 7 12 12 1 12 7 12 7 12 7 12 12 12 12 12 12 12 7 12 1 12 1 12 1 12 12 1 12 12 12 12 1 7 12 7 12 12 1 1 1 12 12 1 12 12 12 100 12 12 12 12 1 1 1 12 7 12 1 12 12 1 1 1 12 7 12 1 1 1 1 1 1 1 1 1 1 1 1 1 1 1 1 1 1 1 1 1 1 1 1 1 1 1 1 1 1 1 1 1 1 1 1 1 1 1 1 1 1 1 1 1 1 1 1 1 1 1 1 1 1 1 1 1 1 1 1 1 1 1 1 1 1 1 1 1 1 1 1 1 1 1 1 1 1 1 1 1 1 1 1 1 1 1 1 1 1 1 1 1 1 1 1 1 1 1 1 1 1 1 1 1 1 1 1 1 1 1 1 1 1 1 1 1 1 1 1 1 1 1 1 1 1 1 1 1 1 1 1 1 1 1 1 1 1 1 1 1 1 1 1 1 1 1 1 1 1 1 1 1 1 1 1
ciInstanceKlass java/net/URL 1 1 566 10 10 10 9 9 10 10 10 9 10 8 10 7 10 10 8 10 9 100 8 10 10 8 9 7 10 10 9 10 9 8 9 10 9 10 8 9 10 10 10 10 8 10 10 10 10 8 9 8 10 10 100 10 10 10 10 9 10 9 10 10 10 7 10 10 10 10 10 100 10 10 10 100 8 10 9 10 10 9 10 100 10 10 10 10 10 10 10 10 10 10 10 9 9 100 8 10 10 9 10 10 7 11 7 8 8 10 10 7 8 8 7 10 10 10 10 8 8 10 100 10 10 10 10 10 10 8 10 100 10 8 8 10 8 8 8 8 100 10 9 10 10 10 10 10 10 10 10 10 10 10 10 10 10 10 100 8 10 10 10 7 10 7 7 10 9 9 100 1 1 1 1 1 5 0 1 1 1 1 1 1 1 1 1 1 1 1 1 1 1 1 1 1 1 1 1 1 1 1 1 1 1 1 1 1 1 1 1 1 1 1 100 100 100 100 1 1 1 100 100 1 1 1 1 1 1 100 100 1 1 1 1 1 1 1 1 1 1 1 1 1 1 1 1 1 1 1 1 1 100 1 1 1 100 100 100 1 1 1 1 1 1 1 100 1 1 100 100 100 1 1 1 1 100 100 1 100 1 1 1 1 1 1 1 1 1 1 1 1 12 12 12 12 12 7 12 12 12 12 12 1 12 1 12 1 12 12 1 1 12 12 1 12 1 12 12 12 12 1 12 12 12 12 1 12 12 12 12 12 1 12 12 12 12 1 12 1 12 12 1 12 12 7 12 12 100 12 100 12 12 12 12 12 1 12 12 12 12 12 1 12 1 1 100 12 100 12 12 100 12 12 1 12 12 12 12 12 100 12 12 12 100 12 12 12 12 12 1 1 12 12 12 12 1 100 12 1 1 1 12 7 12 1 1 1 1 12 12 12 1 1 7 12 1 100 12 12 12 12 100 12 100 12 100 12 1 12 1 12 12 12 12 12 12 12 12 12 12 12 12 12 12 1 1 12 1 1 1 12 7 12 12 1 1 1 1 1 1 1 1 1 1 1 1 1 1 1 1 1 1 1 1 1 1 1 1 1 1 1 1 1 1 1 1 1 1 1 1 1 1 1 1 1 1 1 1 1 1 1 1 1 1 1 1 1 1 1 1 1 1 1 1 1 1 1 1 1 1 1 1 1 1 1 1 1 1 1 1 1 1 1 1 1 1 1 1 1 1 1 1 1 1 1 1 1 1 1 1 1 1 1 1 1 1 1 1 1 1 1 1 1 1 1 1 1
staticfield java/net/URL serialPersistentFields [Ljava/io/ObjectStreamField; 7 [Ljava/io/ObjectStreamField;
ciInstanceKlass java/util/jar/Manifest 1 1 265 10 7 10 9 7 10 9 9 10 10 10 10 10 11 11 10 10 100 100 10 8 10 10 10 10 11 100 10 10 11 11 11 11 100 100 8 10 11 7 8 10 10 10 8 10 10 10 11 10 10 10 8 10 7 10 10 10 100 8 10 10 8 10 10 10 10 11 10 10 10 100 7 10 11 10 11 10 7 100 1 1 1 1 1 1 1 1 1 1 1 1 1 1 1 1 1 1 1 1 1 1 1 1 1 1 1 100 1 1 1 100 100 100 100 100 1 1 1 100 100 100 100 1 1 100 1 1 1 1 1 1 1 1 1 1 12 1 12 1 12 12 12 12 12 12 12 7 12 12 100 12 1 1 1 12 12 12 12 1 12 12 12 100 12 100 12 12 1 1 1 1 12 1 1 12 12 12 1 12 12 12 12 12 12 1 12 1 12 12 12 1 1 12 1 12 7 12 12 12 12 12 7 12 12 1 1 12 12 12 1 1 1 1 1 1 1 1 1 1 1 1 1 1 1 1 1 1 1 1 1 1 1 1 1 1 1 1 1 1 1 1 1 1 1 1 1 1 1 1 1 1 1 1 1 1 1 1 1 1 1 1 1 1 1
ciInstanceKlass sun/misc/Launcher 1 1 228 9 10 10 9 9 10 10 100 100 8 10 10 9 8 10 10 8 10 8 10 8 100 10 10 10 100 100 100 100 10 100 10 8 10 10 10 9 7 10 9 10 7 10 10 8 10 10 10 10 10 100 10 7 10 7 10 8 7 100 1 1 7 1 7 1 7 1 1 1 1 1 1 1 1 1 1 1 1 1 1 1 1 1 1 100 100 100 100 100 100 100 100 100 1 1 1 1 1 1 100 1 1 100 1 1 100 1 1 1 1 1 1 1 1 1 12 12 12 12 12 12 12 1 1 1 12 12 12 1 7 12 12 1 7 12 1 7 12 1 1 100 12 100 12 1 1 1 1 12 1 1 12 12 12 12 1 12 12 12 1 12 1 12 12 12 12 7 12 1 12 1 12 1 1 1 1 1 1 1 1 1 1 1 1 1 1 1 1 1 1 1 1 1 1 1 1 1 1 1 1 1 1 1 1 1 1 1 1 1 1 1 1 1 1 1 1 1 1 1 1 1 1 1 1 1 1 1
ciInstanceKlass sun/misc/Launcher$AppClassLoader 1 1 203 8 10 100 10 7 10 10 7 10 10 10 11 9 10 10 10 10 10 10 10 10 100 10 10 10 7 8 10 10 9 10 100 10 10 10 10 100 10 100 100 10 100 10 10 100 10 7 10 10 7 7 1 1 1 1 1 1 1 1 1 1 1 100 100 1 100 1 1 1 1 100 1 1 1 1 1 1 1 1 100 1 1 1 1 1 7 12 1 12 1 12 7 12 1 12 12 7 12 7 12 12 7 12 7 12 12 12 100 12 12 12 12 1 12 12 12 1 1 7 12 12 100 12 1 12 12 12 1 12 1 1 12 1 12 12 1 12 1 7 12 12 1 1 1 1 1 1 1 1 1 1 1 1 1 1 1 1 1 1 1 1 1 1 1 1 1 1 1 1 1 1 1 1 1 1 1 1 1 1 1 1 1 1 1 1 1 1 1 1 1 1 1 1 1 1 1 1 1 1 1 1 1
staticfield sun/misc/Launcher$AppClassLoader $assertionsDisabled Z 1
ciInstanceKlass sun/misc/Launcher$ExtClassLoader 1 1 243 10 9 7 10 7 10 10 100 10 100 10 10 10 10 10 11 10 8 10 7 9 10 10 7 10 10 7 10 10 8 10 10 10 10 10 7 10 10 10 10 100 10 11 10 10 8 10 10 10 100 10 100 100 10 100 10 10 100 10 10 7 1 1 1 1 1 1 1 1 1 100 100 1 1 100 1 1 1 1 1 1 100 100 100 1 1 100 100 1 1 100 100 100 100 1 1 1 1 1 1 1 12 12 7 1 12 1 12 7 12 1 12 1 12 12 12 12 7 12 7 12 7 12 1 7 12 1 12 12 12 1 12 12 1 12 1 7 12 12 12 12 12 1 12 12 12 12 1 100 12 100 12 12 1 100 12 12 12 1 12 1 1 12 1 12 12 1 12 7 12 1 1 1 1 1 1 1 1 1 1 1 1 1 1 1 1 1 1 1 1 1 1 1 1 1 1 1 1 1 1 1 1 1 1 1 1 1 1 1 1 1 1 1 1 1 1 1 1 1 1 1 1 1 1 1 1 1 1 1 1 1 1 1 1 1 1 1 1 1 1 1 1
ciInstanceKlass java/security/CodeSource 1 1 351 10 9 9 9 9 10 100 10 100 10 7 10 10 10 100 10 10 10 10 10 100 10 10 10 10 10 10 10 10 10 10 10 10 10 8 10 10 10 10 8 10 10 100 10 10 8 10 10 10 8 8 9 100 8 10 10 8 10 8 8 8 10 10 10 10 10 10 100 100 10 10 10 10 10 100 10 10 8 10 10 10 100 10 100 100 8 8 10 10 10 100 10 10 11 10 10 11 10 10 8 100 10 10 100 10 11 11 7 100 1 1 1 5 0 1 1 1 1 1 1 1 1 1 1 1 1 1 1 1 100 100 1 1 1 1 1 1 1 1 1 100 1 1 1 1 1 1 1 100 1 1 100 1 1 100 100 100 1 1 1 100 100 100 100 100 100 100 100 1 1 1 1 12 12 12 12 12 100 12 100 7 12 1 12 12 100 1 12 100 12 12 12 1 12 100 100 12 100 12 12 100 12 12 12 12 1 12 12 12 12 1 12 1 12 1 12 12 12 1 1 12 1 1 12 12 1 12 1 1 1 100 12 12 12 12 12 12 1 1 12 12 12 100 12 12 1 12 1 12 12 12 1 12 1 1 1 1 12 100 12 1 12 12 100 12 12 12 100 1 1 12 12 1 12 12 1 1 1 1 1 1 1 1 1 1 1 1 1 1 1 1 1 1 1 1 1 1 1 1 1 1 1 1 1 1 1 1 1 1 1 1 1 1 1 1 1 1 1 1 1 1 1 1 1 1 1 1 1 1 1 1 1 1 1 1 1 1 1 1 1 1 1 1 1 1 1 1 1 1 1
ciInstanceKlass java/lang/StackTraceElement 0 0 101 10 8 10 100 9 8 9 9 9 100 10 10 10 8 10 8 8 8 10 8 10 8 100 10 10 10 10 100 100 1 1 1 1 1 1 1 1 1 5 0 1 1 1 1 1 1 1 1 1 1 1 1 1 1 100 100 100 1 1 1 1 1 12 1 100 12 1 12 1 12 12 12 1 12 12 1 12 1 1 1 12 1 12 1 1 12 12 12 12 1 1 1 1 1 1 1 1 1 1 1
instanceKlass java/nio/LongBuffer
instanceKlass java/nio/CharBuffer
instanceKlass java/nio/ByteBuffer
ciInstanceKlass java/nio/Buffer 1 1 106 100 10 9 9 100 100 10 8 10 10 10 10 9 10 10 8 8 8 9 10 100 10 100 10 100 10 100 10 7 7 1 1 1 3 1 1 1 1 1 1 1 1 1 1 1 100 1 1 1 1 1 1 1 1 1 1 1 1 1 1 1 1 1 1 1 1 1 1 1 1 1 1 1 1 1 1 12 12 12 1 1 1 12 12 12 12 12 12 12 1 1 1 12 1 1 1 1 1 1 1 1 1 1 1 1
ciInstanceKlass java/lang/Boolean 1 1 112 10 9 10 10 8 10 9 9 8 10 7 10 10 100 100 10 10 8 10 9 7 100 100 1 1 1 1 1 1 1 1 1 1 1 1 5 0 1 1 1 1 1 1 1 1 1 1 1 1 100 1 1 1 100 1 1 1 1 1 1 1 100 1 1 1 1 1 1 1 1 1 1 1 1 1 1 12 12 12 12 1 7 12 12 12 1 12 1 12 7 12 1 1 12 12 1 7 12 12 1 1 1 1 1 1 1 1 1 1 1 1
staticfield java/lang/Boolean TRUE Ljava/lang/Boolean; java/lang/Boolean
staticfield java/lang/Boolean FALSE Ljava/lang/Boolean; java/lang/Boolean
staticfield java/lang/Boolean TYPE Ljava/lang/Class; java/lang/Class
ciInstanceKlass java/lang/Character 1 1 463 7 100 10 9 9 10 10 10 10 10 3 3 3 3 3 10 10 3 11 11 10 10 100 10 10 3 10 10 10 100 10 10 10 10 10 10 10 10 10 10 10 10 10 10 10 10 10 10 10 10 10 10 10 10 10 10 10 10 10 10 10 10 10 10 10 10 10 10 10 10 5 0 10 10 10 10 10 10 10 10 10 10 9 100 10 10 10 3 10 10 100 10 10 10 10 8 10 9 10 10 10 10 8 10 9 7 100 100 7 1 1 100 1 100 1 100 1 1 1 1 3 1 3 1 1 3 1 3 1 1 1 1 1 1 1 3 1 1 3 1 3 1 3 1 3 1 3 1 3 1 3 1 3 1 3 1 3 1 3 1 3 1 3 1 3 1 3 1 3 1 3 1 3 1 3 1 3 1 3 1 3 1 3 1 3 1 3 1 3 1 3 1 3 1 1 1 1 1 1 1 1 1 1 1 1 1 1 1 1 1 1 1 3 1 1 1 3 1 1 3 1 1 1 1 1 3 1 1 1 5 0 1 1 1 1 1 1 1 1 1 1 1 1 1 1 1 1 1 1 1 1 1 1 1 1 1 1 1 1 1 1 1 1 1 1 1 1 1 1 1 1 1 1 1 1 1 1 1 1 1 1 1 1 1 1 1 1 1 1 1 1 1 1 1 1 1 1 1 1 1 1 1 1 1 1 1 1 1 1 1 1 1 1 1 1 1 1 1 1 1 1 1 1 1 1 1 1 1 1 1 1 1 1 100 100 1 1 1 1 1 1 1 1 12 12 12 12 12 12 100 12 12 12 12 100 12 12 12 12 1 12 12 12 12 1 12 12 12 12 12 12 7 12 12 12 12 12 12 12 12 12 12 12 12 12 12 12 12 12 12 12 12 12 12 12 12 12 12 12 12 12 12 1 12 12 100 12 12 1 12 12 12 1 100 12 100 12 12 12 7 12 1 12 12 1 1 1 1 1 1 1 1 1 1 1 1 1 1 1 1 1 1 1 1 1 1 1 1 1 1 1 1 1 1 1 1 1 1 1 1 1 1
staticfield java/lang/Character TYPE Ljava/lang/Class; java/lang/Class
staticfield java/lang/Character $assertionsDisabled Z 1
instanceKlass java/util/concurrent/atomic/AtomicLong
instanceKlass java/util/concurrent/atomic/AtomicInteger
instanceKlass java/lang/Long
instanceKlass java/lang/Integer
instanceKlass java/lang/Short
instanceKlass java/lang/Byte
instanceKlass java/lang/Double
instanceKlass java/lang/Float
ciInstanceKlass java/lang/Number 1 1 34 10 10 100 7 100 1 1 1 5 0 1 1 1 1 1 1 1 1 1 1 1 1 1 1 1 1 1 1 12 12 1 1 1
ciInstanceKlass java/lang/Float 1 1 175 7 100 10 10 100 4 100 10 10 8 8 10 10 10 10 4 4 4 10 9 10 10 10 10 10 10 3 3 3 10 10 10 10 8 10 9 7 100 1 1 1 1 1 4 1 1 1 4 1 1 3 1 3 1 3 1 3 1 1 1 1 1 1 1 5 0 1 1 1 1 1 1 1 1 1 100 1 1 1 1 1 1 1 1 1 1 1 1 1 1 1 1 1 1 1 1 1 1 1 1 1 1 1 1 1 1 1 1 1 1 1 1 1 1 1 1 1 1 1 1 1 1 1 1 1 100 12 100 12 1 1 12 100 12 1 1 100 12 12 12 12 12 12 12 12 12 12 12 12 12 12 12 1 7 12 12 1 1 1 1 1 1 1 1 1 1 1 1 1 1 1 1 1 1
staticfield java/lang/Float TYPE Ljava/lang/Class; java/lang/Class
ciInstanceKlass java/lang/Double 1 1 229 7 100 10 10 10 100 10 10 6 0 8 10 8 10 8 100 6 0 10 5 0 5 0 8 8 10 10 8 10 8 8 8 10 10 10 10 10 10 10 10 6 0 6 0 6 0 10 9 10 10 10 10 5 0 5 0 10 10 10 10 8 10 9 7 100 1 1 1 1 1 6 0 1 1 1 6 0 1 1 3 1 3 1 3 1 3 1 1 1 1 1 1 1 5 0 1 1 1 1 1 1 100 100 1 1 1 100 1 1 1 1 1 1 1 1 1 1 1 1 1 1 1 1 1 1 1 1 1 1 1 1 1 1 1 1 1 1 1 1 1 1 1 1 1 1 1 1 1 1 1 1 1 1 1 1 1 100 12 12 12 1 12 100 12 1 12 1 12 1 1 12 1 1 100 12 100 12 1 12 1 1 1 12 12 12 12 12 12 12 12 12 12 12 12 12 12 12 12 12 1 7 12 12 1 1 1 1 1 1 1 1 1 1 1 1 1 1 1 1 1 1 1 1 1 1 1 1 1
staticfield java/lang/Double TYPE Ljava/lang/Class; java/lang/Class
ciInstanceKlass java/lang/Byte 1 1 153 7 10 9 10 100 100 10 8 10 8 10 10 10 10 10 10 10 10 8 8 10 9 10 10 10 10 5 0 10 8 10 9 7 100 7 1 1 1 1 1 3 1 3 1 1 1 1 1 1 1 3 1 3 1 1 5 0 1 1 1 1 1 1 1 1 1 1 1 1 1 1 1 1 1 1 1 1 1 1 1 1 1 1 1 1 1 1 1 1 1 1 1 1 1 1 1 1 1 1 1 1 1 1 1 1 100 12 12 12 1 1 12 1 12 1 12 12 12 12 12 12 12 12 1 1 12 12 12 12 12 12 1 7 12 12 1 1 1 1 1 1 1 1 1 1 1 1 1 1 1 1 1
staticfield java/lang/Byte TYPE Ljava/lang/Class; java/lang/Class
ciInstanceKlass java/lang/Short 1 1 161 7 100 10 10 100 100 10 8 10 8 10 10 10 10 10 10 9 10 10 10 8 8 10 9 10 10 10 10 3 3 5 0 10 8 10 9 7 100 7 1 1 1 1 1 3 1 3 1 1 1 1 1 1 1 3 1 3 1 1 5 0 1 1 1 1 1 1 1 1 1 1 1 1 1 1 1 1 1 1 1 1 1 1 1 1 1 1 1 1 1 1 1 1 1 1 1 1 1 1 1 1 1 1 1 1 1 1 1 1 1 1 1 100 12 12 1 1 12 1 12 1 12 12 12 12 12 12 12 12 12 12 1 1 12 12 12 12 12 12 1 7 12 12 1 1 1 1 1 1 1 1 1 1 1 1 1 1 1 1 1
staticfield java/lang/Short TYPE Ljava/lang/Class; java/lang/Class
ciInstanceKlass java/lang/Integer 1 1 314 7 100 7 10 9 7 10 10 10 10 10 10 10 10 3 8 10 10 10 3 9 9 3 9 100 8 10 100 10 8 10 10 8 10 8 10 3 10 10 10 10 8 100 10 10 5 0 8 10 10 7 9 9 10 10 9 10 10 10 10 100 100 10 8 8 10 8 8 8 8 8 8 10 10 10 5 0 3 3 3 3 3 10 10 8 10 9 3 3 3 3 3 3 7 100 1 1 1 1 1 1 1 1 1 1 1 1 1 1 1 1 1 1 3 1 3 1 1 5 0 1 1 1 1 1 100 1 1 1 1 1 1 1 1 1 1 1 1 1 1 100 1 1 1 1 1 1 1 1 1 1 1 1 1 1 1 1 1 1 1 1 1 1 1 1 1 1 1 100 1 100 100 1 1 1 1 1 1 1 1 1 1 1 1 1 1 1 1 1 1 1 1 1 1 1 1 1 1 1 1 1 1 1 1 12 12 1 12 12 100 12 12 12 100 12 12 12 1 12 12 12 12 12 12 1 1 12 1 12 1 12 12 1 12 1 12 12 12 12 12 1 1 12 12 1 12 12 1 12 12 12 12 12 12 12 7 12 1 1 12 1 1 12 1 1 1 1 1 1 12 12 12 12 12 1 7 12 12 1 1 1 1 1 1 1 1 1 1 1 1 1 1 1 1 1 1 1 1 1 1 1 1 1 1 1 1 1 1 1 1 1 1 1
staticfield java/lang/Integer TYPE Ljava/lang/Class; java/lang/Class
staticfield java/lang/Integer digits [C 36
staticfield java/lang/Integer DigitTens [C 100
staticfield java/lang/Integer DigitOnes [C 100
staticfield java/lang/Integer sizeTable [I 10
ciInstanceKlass java/lang/Long 1 1 361 7 100 7 10 9 7 10 10 10 10 10 5 0 5 0 100 10 10 10 10 10 10 10 10 10 10 10 10 10 10 10 5 0 8 10 10 10 7 5 0 5 0 9 9 3 3 100 8 10 8 10 8 8 10 5 0 10 10 10 10 8 100 10 10 8 10 8 10 10 5 0 5 0 9 10 8 8 10 8 8 8 8 8 8 10 10 10 10 9 10 10 10 100 100 10 10 10 10 10 5 0 5 0 5 0 5 0 5 0 10 10 10 8 10 9 7 100 7 1 1 1 1 1 1 5 0 1 1 1 1 1 1 1 3 1 3 1 5 0 1 1 1 1 1 100 1 1 1 1 1 1 1 1 1 1 1 1 1 1 1 1 100 1 1 1 1 1 1 1 1 100 100 1 1 1 1 1 1 1 1 1 1 1 1 1 1 1 1 1 1 1 1 1 1 100 1 1 1 1 1 1 1 1 1 1 1 1 1 1 1 1 1 1 1 1 1 1 1 1 1 1 1 1 1 1 1 1 12 12 1 12 12 12 12 12 1 12 12 12 12 12 12 100 12 12 12 12 12 12 7 12 12 12 1 12 12 12 1 12 12 1 1 12 1 12 1 1 12 12 12 12 12 1 1 12 12 1 12 1 12 12 12 12 1 1 12 1 1 1 1 1 1 12 12 12 12 12 12 100 12 1 1 12 12 12 12 12 12 12 1 7 12 12 1 1 1 1 1 1 1 1 1 1 1 1 1 1 1 1 1 1 1 1 1 1 1 1 1 1 1 1 1 1 1 1 1 1 1 1 1 1 1 1 1 1 1 1 1 1 1
staticfield java/lang/Long TYPE Ljava/lang/Class; java/lang/Class
ciInstanceKlass java/lang/NullPointerException 1 1 21 10 10 100 100 1 1 1 5 0 1 1 1 1 1 1 1 12 12 1 1
ciInstanceKlass java/lang/ArithmeticException 1 1 21 10 10 100 100 1 1 1 5 0 1 1 1 1 1 1 1 12 12 1 1
ciInstanceKlass java/security/AccessController 1 1 190 10 10 10 10 10 10 10 10 100 8 10 10 10 10 10 10 10 10 10 7 10 7 10 10 7 10 10 10 8 10 8 10 8 100 10 10 10 10 10 8 10 8 8 10 8 10 10 7 100 1 1 1 1 1 1 1 1 1 1 1 1 1 100 1 1 1 1 100 1 1 100 1 1 1 1 1 1 100 1 1 1 1 1 1 1 1 1 1 1 1 1 1 100 100 100 1 1 12 12 12 12 7 12 12 12 12 1 1 12 12 12 12 12 12 12 100 12 12 1 12 1 12 12 1 12 12 12 1 12 1 100 12 1 1 12 12 100 12 12 1 100 12 1 1 12 1 12 12 1 1 1 1 1 1 1 1 1 1 1 1 1 1 1 1 1 1 1 1 1 1 1 1 1 1 1 1 1 1 1 1 1 1 1 1 1 1 1 1 1
instanceKlass java/util/AbstractQueue
instanceKlass java/util/HashMap$Values
instanceKlass java/util/ArrayDeque
instanceKlass java/util/AbstractSet
instanceKlass java/util/AbstractList
ciInstanceKlass java/util/AbstractCollection 1 1 149 100 10 10 10 11 11 10 7 10 10 10 10 10 7 10 7 3 10 100 8 10 3 100 10 11 11 10 10 10 11 8 100 10 10 8 10 10 100 1 1 1 1 1 1 1 1 1 1 1 1 1 1 1 1 1 1 100 1 1 1 1 1 1 1 1 1 1 1 1 1 1 1 1 1 1 1 1 1 1 100 100 100 1 1 1 1 12 12 12 7 12 12 12 1 100 12 12 12 7 12 7 12 1 100 12 1 12 1 1 12 1 12 12 12 100 12 1 1 12 1 12 12 1 1 1 1 1 1 1 1 1 1 1 1 1 1 1 1 1 1 1 1 1 1 1 1 1 1
ciInstanceKlass java/util/Set 1 1 50 100 10 100 100 100 1 1 1 1 1 1 1 1 1 1 1 1 1 1 1 1 1 1 1 1 1 1 1 1 1 1 1 1 1 1 1 1 1 1 1 1 1 100 12 1 1 1 1 1
instanceKlass java/util/HashMap$EntrySet
instanceKlass java/util/LinkedHashMap$LinkedEntrySet
instanceKlass java/util/LinkedHashMap$LinkedKeySet
instanceKlass java/util/HashSet
instanceKlass java/util/WeakHashMap$KeySet
instanceKlass java/util/Collections$SetFromMap
instanceKlass java/util/Hashtable$EntrySet
instanceKlass java/util/Collections$EmptySet
ciInstanceKlass java/util/AbstractSet 1 1 75 10 100 100 11 10 10 100 100 10 11 11 10 10 11 10 11 11 100 7 1 1 1 1 1 1 1 100 100 100 1 1 100 1 1 1 1 1 1 1 12 1 1 12 12 1 1 12 100 12 12 100 12 100 12 12 12 12 1 1 1 1 1 1 1 1 1 1 1 1 1 1 1 1 1
instanceKlass java/util/IdentityHashMap
instanceKlass sun/misc/SoftCache
instanceKlass java/util/concurrent/ConcurrentHashMap
instanceKlass java/util/TreeMap
instanceKlass java/util/WeakHashMap
instanceKlass sun/util/PreHashedMap
instanceKlass java/util/HashMap
instanceKlass java/util/Collections$EmptyMap
ciInstanceKlass java/util/AbstractMap 1 1 161 10 10 10 11 10 11 11 11 100 11 10 11 100 10 11 11 10 11 9 100 10 9 100 10 100 11 11 11 100 100 11 8 100 10 10 8 10 10 10 100 7 100 1 1 100 1 1 1 1 1 1 1 1 1 1 1 1 1 1 1 1 1 1 1 100 1 1 1 1 1 1 1 1 100 100 1 1 1 1 1 100 1 1 100 1 1 1 1 1 100 100 100 1 1 1 100 100 1 1 1 100 1 1 1 1 1 1 12 12 12 100 12 12 100 12 12 1 12 12 12 1 12 12 12 12 1 12 12 1 1 12 12 1 1 12 1 1 12 1 12 12 12 1 1 1 1 1 1 1 1 1 1 1 1 1 1 1 1 1 1
instanceKlass com/mathworks/services/message/MWMessage
instanceKlass java/util/LinkedHashMap
ciInstanceKlass java/util/HashMap 1 1 495 10 100 10 100 10 100 11 11 11 7 3 10 100 100 10 8 10 10 10 10 10 8 10 9 10 9 4 10 10 11 9 4 10 11 11 11 11 7 11 11 10 10 9 10 9 9 9 10 9 7 10 10 10 10 10 9 10 100 3 7 7 10 10 9 9 10 10 10 10 9 100 10 9 7 10 9 7 10 100 10 11 11 11 100 10 10 100 100 10 10 10 10 10 10 10 100 10 10 8 4 10 4 10 4 10 100 11 10 10 10 10 7 7 100 100 1 1 100 1 100 1 100 1 100 1 100 1 100 1 100 1 100 1 1 1 1 1 1 1 1 5 0 1 1 3 1 1 1 1 3 1 3 1 3 1 1 1 1 1 1 1 1 1 1 1 1 1 1 1 1 1 1 1 100 100 100 100 1 1 1 1 1 1 1 1 100 1 1 1 1 1 1 100 1 1 1 1 1 1 100 1 1 1 1 1 1 1 1 1 1 1 1 1 1 1 1 1 100 1 1 1 1 1 1 1 1 1 1 100 1 1 1 100 1 1 1 1 1 1 1 1 1 1 1 100 1 1 1 100 1 1 1 1 1 1 1 1 1 1 1 1 1 100 1 1 1 1 1 100 1 1 100 100 1 1 1 1 1 1 1 1 1 1 1 1 1 1 1 1 1 1 1 1 1 1 1 7 12 1 12 1 100 12 1 12 12 12 1 12 1 1 1 12 12 12 12 7 12 1 12 12 12 12 12 12 12 12 12 12 7 12 7 12 12 1 12 12 12 12 12 12 12 12 12 12 12 1 12 12 12 12 12 12 12 1 1 12 12 12 12 12 12 12 12 1 12 12 1 12 1 1 100 12 100 12 100 12 1 12 1 1 12 12 12 100 12 12 12 100 12 1 12 1 100 12 12 100 12 1 100 12 12 12 12 1 1 1 1 1 1 1 1 1 1 1 1 1 1 1 1 1 1 1 1 1 1 1 1 1 1 1 1 1 1 1 1 1 1 1 1 1 1 1 1 1 1 1 1 1 1 1 1 1 1 1 1 1 1 1 1 1 1 1 1 1 1 1 1 1 1 1 1 1 1 1 1 1 1 1 1 1 1 1 1 1 1 1 1 1 1 1 1 1 1
ciInstanceKlass java/lang/Math 1 1 289 10 10 10 10 10 10 10 6 0 7 6 0 10 10 10 10 10 10 10 10 10 10 10 10 100 3 3 3 10 100 5 0 5 0 5 0 5 0 5 0 9 10 100 8 10 8 10 100 5 0 5 0 100 3 5 0 3 10 10 9 9 10 10 7 6 0 9 100 10 10 10 10 10 4 10 10 10 10 10 10 10 10 10 10 10 10 5 0 5 0 3 6 0 4 6 0 6 0 7 4 4 6 0 10 9 10 9 10 4 6 0 100 100 1 1 1 1 1 6 0 1 1 1 1 1 1 1 1 1 1 1 1 1 1 1 1 1 1 1 1 1 1 1 1 1 1 1 1 1 1 1 1 1 1 1 1 1 1 1 1 1 1 1 1 1 1 1 1 1 1 1 1 1 1 1 1 1 1 1 1 1 1 1 1 1 1 1 1 1 1 1 1 1 1 1 1 1 1 1 1 1 1 1 12 100 12 12 12 12 12 12 1 12 12 12 12 12 12 12 12 12 12 12 12 1 12 1 12 100 12 1 1 12 1 12 1 1 12 12 12 12 12 12 1 12 1 12 12 12 12 12 12 12 12 12 12 12 12 12 12 12 12 1 12 12 12 12 7 12 1 1 1 1 1 1 1 1 1 1 1 1 1 1 1 1 1 1 1
staticfield java/lang/Math $assertionsDisabled Z 1
instanceKlass sun/nio/cs/ISO_8859_1
instanceKlass sun/nio/cs/US_ASCII
instanceKlass sun/nio/cs/Unicode
instanceKlass sun/nio/cs/ext/GBK
ciInstanceKlass java/nio/charset/Charset 1 1 324 10 9 10 9 10 7 8 8 10 10 7 10 10 8 10 100 10 10 9 9 7 100 10 9 10 10 100 10 7 9 10 100 8 10 10 10 10 10 10 10 100 10 11 11 10 11 11 100 10 100 9 8 10 8 10 10 9 9 9 100 10 10 10 8 10 8 10 9 10 10 10 100 100 10 10 10 10 10 10 10 10 10 10 7 10 7 10 100 7 1 1 1 1 1 1 1 1 1 1 1 1 1 1 1 1 1 1 1 1 1 1 1 1 1 1 100 1 1 1 1 1 1 1 1 1 100 1 100 100 1 100 1 1 1 1 1 1 1 1 1 1 100 1 1 100 1 1 100 1 1 1 1 1 1 1 1 1 1 1 1 1 1 100 1 1 1 1 1 1 1 1 1 1 1 1 1 1 1 1 1 1 1 1 12 12 12 12 7 12 1 1 1 12 7 12 1 12 12 1 12 1 12 12 12 12 1 1 12 12 12 12 1 1 12 7 12 1 1 12 12 12 12 12 12 1 100 12 12 12 100 12 12 1 1 12 1 1 12 12 12 12 1 12 12 100 12 1 12 1 100 12 100 12 100 12 12 12 1 1 12 12 100 12 12 12 100 12 12 12 12 1 1 1 1 1 1 1 1 1 1 1 1 1 1 1 1 1 1 1 1 1 1 1 1 1 1 1 1 1 1 1 1 1 1 1 1 1 1 1 1 1 1 1 1 1 1 1 1 1 1 1 1 1
ciInstanceKlass java/util/Arrays 1 1 810 10 100 100 10 8 10 10 8 8 10 10 100 10 10 10 10 10 10 10 10 10 7 10 100 10 10 100 10 10 100 10 10 100 10 10 100 10 10 100 10 10 100 10 10 9 10 100 10 10 10 100 10 10 7 10 10 10 10 10 10 10 100 11 10 10 10 10 10 10 10 10 11 10 100 10 10 100 10 10 100 10 10 100 10 10 10 10 10 10 10 10 10 10 10 10 10 10 10 7 10 10 8 7 10 10 10 100 10 100 10 100 10 100 10 100 10 100 10 100 10 100 10 10 9 100 10 10 10 10 10 10 10 10 10 10 8 8 10 10 8 10 10 10 10 100 3 10 100 10 10 11 10 10 10 10 10 10 10 10 10 11 8 10 11 11 11 11 18 11 11 18 11 18 11 18 100 10 10 10 10 10 10 10 10 10 10 10 10 10 10 10 10 10 10 10 10 10 1 1 100 1 100 1 1 1 1 3 1 3 1 1 1 1 1 1 1 1 1 1 1 1 1 1 1 1 1 1 1 1 1 1 1 1 1 1 1 1 1 1 1 100 1 1 1 1 1 1 1 1 1 1 1 1 1 1 1 1 1 1 1 1 1 1 1 1 1 1 1 1 1 1 1 1 1 1 1 1 1 1 1 100 1 1 1 1 100 1 1 1 1 1 1 1 1 1 1 1 1 1 1 1 1 1 1 1 1 1 1 1 1 1 1 1 1 1 1 1 1 1 1 1 1 1 1 1 1 1 1 1 1 1 1 1 1 1 1 1 1 1 1 1 1 1 1 1 1 1 1 1 1 1 1 1 1 1 1 1 1 1 1 1 1 100 1 1 1 1 1 1 1 1 1 1 100 1 1 1 1 1 1 1 1 1 1 1 1 1 100 1 1 1 100 1 1 1 100 1 1 1 1 1 1 1 1 1 1 1 1 1 1 1 1 1 1 1 1 1 1 1 1 1 12 1 1 1 12 12 1 1 12 12 1 12 100 12 12 12 12 12 12 12 12 1 100 12 100 1 1 1 12 12 100 1 1 12 100 1 1 12 100 1 1 12 100 1 1 12 100 1 1 12 100 1 1 12 12 100 12 100 1 1 12 7 12 7 12 1 12 1 12 12 100 12 100 12 12 12 12 1 12 12 7 12 12 12 100 12 12 12 100 12 100 12 100 1 1 12 1 1 12 1 1 12 1 1 12 12 12 12 12 12 12 100 12 12 100 12 12 12 12 12 1 7 12 12 1 1 12 12 12 1 12 1 12 1 12 1 12 1 12 1 12 1 12 1 12 12 12 1 12 12 12 12 12 12 12 12 12 1 1 12 12 1 12 12 12 100 12 1 1 12 100 12 12 12 12 12 12 12 12 12 12 12 1 12 100 12 100 12 12 1 15 16 15 12 12 100 12 15 12 100 12 15 12 100 12 15 12 1 100 12 12 12 12 12 12 12 12 12 12 100 12 12 12 12 12 12 12 12 12 12 12 1 1 1 1 1 1 1 1 1 1 1 1 1 1 1 1 1 1 1 1 1 1 1 100 1 1 1 1 1 1 1 1 1 1 1 1 1 1 1 1 1 1 1 1 1 1 1 1 1 1 1 1 1 1 1 1 1 1 1 1 1 1 1 1 1 1 1 1 1 1 1 1 1 1 1 1 1 1 1 1 1 1 1 1 1 1 1 1 1 1 1 1 1 1 1 1 1 1 1 1 1 1 1 10 10 1 1 1 1 1 1 1 10 1 1 1 1 10 1 1 1 1 10 1 1 1 1 1 1 1 1 1 1 1 1 1 1 1 1 1 1 1 1 100 12 12 12 12 12 1 1 100 1 1 100 1 1
staticfield java/util/Arrays $assertionsDisabled Z 1
ciInstanceKlass sun/nio/cs/ArrayDecoder 1 0 9 100 100 1 1 1 1 1 1
instanceKlass sun/nio/cs/UTF_8$Decoder
instanceKlass sun/nio/cs/ext/DoubleByte$Decoder
ciInstanceKlass java/nio/charset/CharsetDecoder 1 1 283 10 9 9 9 7 9 9 100 8 10 8 8 10 8 9 9 9 10 8 10 8 10 8 8 10 8 10 10 10 10 100 100 10 100 10 10 10 10 10 10 10 9 100 10 10 9 10 9 10 9 10 10 10 10 10 9 10 10 10 10 10 10 10 10 10 100 10 100 100 10 8 10 9 8 10 10 10 7 8 8 8 8 7 1 1 1 1 1 1 1 1 1 1 1 1 1 3 1 3 1 3 1 3 1 1 1 1 1 1 1 1 1 1 100 100 100 1 1 1 1 1 1 1 1 1 1 1 1 1 1 1 1 1 100 100 100 100 1 1 1 1 1 1 1 1 1 1 100 1 100 1 1 1 1 1 1 1 1 1 12 7 12 12 12 1 12 12 1 1 12 1 1 7 12 1 12 12 12 12 1 12 1 12 1 1 12 1 12 12 12 12 1 1 12 1 7 12 12 7 12 12 12 12 12 12 1 12 12 12 100 12 12 12 12 12 12 12 12 12 12 12 12 12 12 12 12 1 1 1 1 12 12 1 7 12 1 1 1 1 1 1 1 1 1 1 1 1 1 1 1 1 1 1 1 1 1 1 1 1 1 1 1 1 1 1 1 1 1 1 1 1 1 1 1 1 1 1 1 1 1 1 1
staticfield java/nio/charset/CharsetDecoder $assertionsDisabled Z 1
ciInstanceKlass java/nio/charset/CodingErrorAction 1 1 36 10 9 7 8 10 9 8 9 8 9 7 1 1 1 1 1 1 1 1 1 1 1 1 1 1 1 1 12 12 1 12 12 12 12 1
staticfield java/nio/charset/CodingErrorAction IGNORE Ljava/nio/charset/CodingErrorAction; java/nio/charset/CodingErrorAction
staticfield java/nio/charset/CodingErrorAction REPLACE Ljava/nio/charset/CodingErrorAction; java/nio/charset/CodingErrorAction
staticfield java/nio/charset/CodingErrorAction REPORT Ljava/nio/charset/CodingErrorAction; java/nio/charset/CodingErrorAction
ciInstanceKlass java/util/Objects 1 1 83 10 100 8 10 10 10 10 10 10 10 11 100 10 10 11 100 100 7 1 1 1 1 1 1 1 1 1 1 1 1 1 1 1 100 1 1 1 1 1 1 1 1 1 1 1 1 1 1 1 1 12 1 1 12 12 7 12 12 12 12 12 100 12 1 12 100 12 1 1 1 1 1 1 1 1 1 1 1 1 1 1 1
ciInstanceKlass java/security/PrivilegedExceptionAction 1 0 15 100 100 1 1 1 100 1 1 1 1 1 1 1 1
ciInstanceKlass sun/nio/cs/UTF_8 1 1 58 10 8 9 10 8 7 10 7 10 10 10 7 7 100 1 1 1 1 1 1 1 1 1 1 1 1 1 1 1 1 1 1 12 1 7 12 12 1 1 12 1 7 12 12 1 1 1 1 1 1 1 1 1 1 1 1 1
ciInstanceKlass sun/nio/cs/ArrayEncoder 1 0 9 100 100 1 1 1 1 1 1
instanceKlass sun/nio/cs/ext/DoubleByte$Encoder
instanceKlass sun/nio/cs/UTF_8$Encoder
ciInstanceKlass java/nio/charset/CharsetEncoder 1 1 368 10 9 9 9 7 9 9 9 100 8 10 8 8 10 8 9 9 9 10 10 10 8 8 8 10 8 10 10 7 10 10 10 10 7 10 10 10 10 10 10 10 10 8 10 10 10 10 100 100 10 100 10 10 10 10 10 10 10 9 100 10 10 9 9 10 9 10 10 10 10 10 9 10 10 10 10 10 10 10 10 10 10 10 10 10 10 100 10 10 10 7 10 11 10 100 100 10 8 10 9 8 10 10 10 7 8 8 8 8 7 1 1 1 1 1 1 1 1 1 1 1 1 1 3 1 3 1 3 1 3 1 1 1 1 1 1 1 1 1 1 1 1 1 1 100 100 100 1 1 1 1 1 1 1 1 1 100 100 100 100 100 1 1 1 1 1 1 1 1 1 1 100 100 100 1 1 1 1 1 1 1 1 1 1 1 1 1 100 100 1 1 1 1 1 1 1 12 7 12 12 12 1 12 12 12 1 1 12 1 1 7 12 1 12 12 12 12 12 7 12 1 1 1 12 1 12 12 1 12 12 12 12 1 12 12 7 12 12 12 12 12 7 12 1 12 12 12 12 1 1 12 1 12 12 12 12 12 12 12 1 12 12 12 12 12 12 12 12 12 12 12 12 12 12 12 12 12 12 12 12 12 12 12 12 1 12 12 1 12 100 12 1 1 1 12 12 1 7 12 1 1 1 1 1 1 1 1 1 1 1 1 1 1 1 1 1 1 1 1 1 1 1 1 1 1 1 1 1 1 1 1 1 1 1 1 1 1 1 1 1 1 1 1 1 1 1 1 1 1 1 1 1 1 1 1 1 1 1 1 1 1 1 1 1 1 1 1
staticfield java/nio/charset/CharsetEncoder $assertionsDisabled Z 1
ciInstanceKlass sun/nio/cs/UTF_8$Encoder 1 1 168 10 4 4 10 9 10 10 10 9 10 10 10 10 10 10 10 10 10 10 10 9 100 10 10 10 9 10 10 10 10 10 10 10 10 10 10 10 10 9 7 7 100 1 1 1 1 1 1 1 1 1 1 1 1 1 1 1 1 1 1 1 1 100 100 100 100 100 1 1 1 1 1 1 100 1 1 1 12 12 12 100 12 12 100 12 100 12 100 12 12 12 12 12 100 12 7 12 12 12 100 1 12 12 12 12 12 12 12 12 12 12 12 12 12 12 100 12 1 1 1 1 1 1 1 1 1 1 1 1 1 1 1 1 1 1 1 1 1 1 1 1 1 1 1 1 1 1 1 1 1 1 1 1 1 1 1 1 1 1 1 1 1 1 1 1 1 1
instanceKlass java/nio/MappedByteBuffer
instanceKlass java/nio/HeapByteBuffer
ciInstanceKlass java/nio/ByteBuffer 1 1 257 10 9 10 9 9 9 9 10 100 10 100 10 7 10 10 100 10 10 10 10 100 10 10 10 10 100 10 100 10 10 10 9 100 10 100 10 10 10 10 8 10 10 8 10 8 10 8 10 10 7 10 10 10 10 9 10 10 7 100 1 1 1 1 1 1 1 1 1 1 1 1 1 100 100 1 1 1 1 1 1 100 1 1 1 1 1 1 1 1 1 1 1 1 1 1 1 1 1 1 1 1 1 1 1 1 1 1 1 1 1 1 1 1 100 1 1 1 1 1 1 1 1 1 1 1 1 1 1 1 1 1 1 1 1 1 1 1 1 1 1 1 1 1 1 1 1 1 1 1 1 1 1 1 1 1 1 1 1 1 1 1 1 1 1 1 1 1 1 1 1 12 12 7 12 7 12 12 12 12 12 1 12 1 12 1 12 12 1 12 12 12 1 12 12 12 1 1 12 12 12 1 1 100 12 100 12 12 1 12 12 1 12 1 12 1 12 12 1 12 100 12 12 100 12 12 12 1 1 1 1 1 1 1 1 1 1 1 1 1 1 1 1 1 1 1 1 1 1 1 1 1 1 1 1 1 1
instanceKlass java/nio/HeapCharBuffer
ciInstanceKlass java/nio/CharBuffer 1 1 257 10 9 9 10 100 10 7 10 10 100 10 10 10 10 10 10 10 10 100 10 11 10 10 100 10 10 10 10 100 10 100 10 10 10 10 10 10 9 100 10 10 7 10 10 10 10 10 8 10 11 11 18 7 10 10 10 10 10 10 10 100 10 100 100 100 100 1 1 1 1 1 1 1 1 1 1 1 1 1 1 1 1 100 1 1 1 100 1 100 1 1 1 1 1 1 1 1 1 1 1 1 1 1 1 1 1 1 1 1 1 1 1 1 1 1 1 100 1 1 1 1 1 1 1 1 1 1 1 1 100 1 1 1 1 1 1 1 1 1 1 1 100 1 1 1 1 1 1 1 12 12 12 12 1 12 1 12 12 1 12 12 100 12 12 12 12 12 1 12 12 12 12 1 12 12 12 1 1 12 12 100 12 12 12 1 12 1 12 12 100 12 12 1 12 12 12 1 15 16 15 16 12 1 100 12 12 12 12 12 12 12 1 12 1 1 1 1 1 1 100 1 1 1 1 1 1 1 1 1 1 1 1 1 1 1 1 1 10 10 1 1 1 1 1 1 100 12 12 1 1 100 1 1 100 1 1
ciInstanceKlass java/nio/charset/CoderResult 1 1 140 10 10 9 9 9 10 100 10 10 8 10 8 10 7 100 10 9 10 9 100 10 100 10 100 10 100 10 9 100 10 10 7 8 8 8 8 9 9 7 10 7 10 7 100 1 1 1 1 1 3 1 3 1 3 1 1 3 1 1 1 1 1 1 1 1 1 1 1 1 1 1 1 1 1 1 1 100 1 1 1 1 1 1 1 1 1 1 1 1 1 100 1 1 1 1 12 12 12 12 12 12 1 12 1 12 1 12 1 1 12 12 12 1 1 1 12 1 12 1 7 12 1 1 1 12 12 1 1 1 1 1 1 1 1 1 1 1 1 1
staticfield java/nio/charset/CoderResult names [Ljava/lang/String; 4 [Ljava/lang/String;
staticfield java/nio/charset/CoderResult UNDERFLOW Ljava/nio/charset/CoderResult; java/nio/charset/CoderResult
staticfield java/nio/charset/CoderResult OVERFLOW Ljava/nio/charset/CoderResult; java/nio/charset/CoderResult
staticfield java/nio/charset/CoderResult $assertionsDisabled Z 1
ciInstanceKlass java/lang/IllegalArgumentException 1 1 27 10 10 10 10 100 7 1 1 1 5 0 1 1 1 1 1 1 1 1 1 12 12 12 12 1 1
ciInstanceKlass sun/misc/MetaIndex 1 1 159 10 11 7 7 8 10 10 7 7 10 10 7 10 10 10 8 10 10 10 11 10 11 11 10 11 100 9 8 10 9 10 10 100 10 7 11 7 9 7 10 9 100 10 10 7 1 1 1 1 1 1 1 1 1 1 1 1 1 1 1 1 100 100 100 100 100 100 1 1 1 1 100 1 1 1 1 100 100 1 1 1 1 1 12 7 12 1 1 1 12 12 1 1 12 12 1 12 12 12 1 12 12 12 7 12 12 12 12 12 12 1 12 1 12 12 12 1 1 12 12 1 12 1 7 12 1 1 1 1 1 1 1 1 1 1 1 1 1 1 1 1 1 1 1 1 1 1 1 1 1 1 1 1 1 1 1 1 1
staticfield sun/misc/MetaIndex $assertionsDisabled Z 1
ciInstanceKlass sun/nio/cs/UTF_8$Decoder 1 1 221 10 10 10 10 10 9 100 10 10 10 10 10 9 9 10 10 10 10 10 10 10 10 10 10 10 10 10 10 10 3 10 10 10 3 10 10 10 10 10 10 10 10 10 10 10 10 10 10 10 9 10 10 10 10 7 10 7 7 100 1 1 1 1 1 1 1 1 1 1 1 1 1 1 1 1 1 1 1 1 1 1 1 1 1 100 1 1 1 100 100 100 100 100 1 1 1 1 1 1 100 1 1 1 1 1 1 12 12 7 12 12 7 12 12 1 12 12 12 12 12 12 12 100 12 12 12 12 7 12 7 12 12 12 12 12 12 100 12 12 12 12 12 12 12 12 12 12 12 12 12 12 12 12 100 12 12 100 12 12 12 1 7 12 1 1 1 1 1 1 1 1 1 1 1 1 1 1 1 1 1 1 1 1 1 1 1 1 1 1 1 1 1 1 1 1 1 1 1 1 1 1 1 1 1 1 1 1 1 1 1 1 1 1 1 1 1 1 1 1 1
staticfield sun/nio/cs/UTF_8$Decoder $assertionsDisabled Z 1
ciInstanceKlass sun/net/www/ParseUtil 1 1 519 7 10 10 10 10 9 9 10 10 7 3 10 7 10 10 10 10 10 7 10 10 10 8 10 9 10 10 10 9 100 10 10 10 10 10 100 100 10 10 10 10 10 10 8 10 10 10 10 10 10 8 10 10 10 10 8 8 10 8 10 10 8 10 10 7 8 8 10 10 10 10 10 10 8 10 100 10 10 100 10 100 10 10 10 10 10 10 8 8 8 9 9 10 10 9 9 8 9 9 8 10 9 9 9 9 10 10 10 10 10 10 9 9 10 10 10 100 10 10 9 8 10 10 10 10 7 10 10 10 9 10 9 9 9 9 9 8 10 9 10 9 9 9 8 9 9 8 9 9 8 9 9 8 8 8 8 7 1 1 1 1 1 1 1 1 5 0 1 1 1 1 1 1 1 1 1 1 1 1 1 1 1 1 1 5 0 1 1 1 1 1 1 1 1 1 1 1 1 1 1 1 1 1 1 1 1 1 1 1 1 1 100 100 1 1 1 1 1 100 100 100 100 100 100 1 1 1 1 100 1 1 100 100 100 1 1 1 1 100 1 1 1 1 1 1 1 1 1 1 1 1 100 1 1 1 1 1 1 1 1 1 1 1 1 1 1 12 12 12 12 7 12 12 12 12 1 100 12 1 12 7 12 12 12 12 1 12 7 12 7 12 1 7 12 7 12 7 12 12 12 12 1 12 12 12 12 1 1 12 12 12 7 12 1 12 12 12 12 1 12 12 12 1 1 12 1 12 12 1 12 12 1 1 1 12 12 12 12 12 12 1 12 1 12 12 1 1 12 12 12 12 1 1 1 12 12 12 12 12 12 1 12 12 1 12 12 12 12 12 12 12 12 12 12 12 12 12 12 12 100 12 1 12 12 12 1 12 7 12 12 7 12 1 12 12 12 12 12 12 12 12 12 1 12 12 12 12 12 12 1 12 12 1 12 12 1 12 12 1 1 1 1 1 1 1 1 1 1 1 1 1 1 1 1 1 1 1 1 1 1 1 1 1 1 1 1 1 1 1 1 1 1 1 1 1 1 1 1 1 1 1 1 1 1 1 1 1 1 1 1 1 1 1 1 1 1 1 1 1 1 1 1 1 1 1 1 1 1 1 1 1 1 1 1 1 1 1 1 1 1 1 1 1 1 1 1 1 1 1 1 1 1 1 1 1 1 1 1
staticfield sun/net/www/ParseUtil hexDigits [C 16
staticfield sun/net/www/ParseUtil L_DIGIT J 287948901175001088
staticfield sun/net/www/ParseUtil L_HEX J 287948901175001088
staticfield sun/net/www/ParseUtil H_HEX J 541165879422
staticfield sun/net/www/ParseUtil H_UPALPHA J 134217726
staticfield sun/net/www/ParseUtil H_LOWALPHA J 576460743713488896
staticfield sun/net/www/ParseUtil H_ALPHA J 576460743847706622
staticfield sun/net/www/ParseUtil L_ALPHANUM J 287948901175001088
staticfield sun/net/www/ParseUtil H_ALPHANUM J 576460743847706622
staticfield sun/net/www/ParseUtil L_MARK J 113808043409408
staticfield sun/net/www/ParseUtil H_MARK J 4611686020574871552
staticfield sun/net/www/ParseUtil L_UNRESERVED J 288062709218410496
staticfield sun/net/www/ParseUtil H_UNRESERVED J 5188146764422578174
staticfield sun/net/www/ParseUtil L_RESERVED J -6052670429821140992
staticfield sun/net/www/ParseUtil H_RESERVED J 671088641
staticfield sun/net/www/ParseUtil L_DASH J 35184372088832
staticfield sun/net/www/ParseUtil H_DASH J 0
staticfield sun/net/www/ParseUtil L_URIC J -5764607720602730495
staticfield sun/net/www/ParseUtil H_URIC J 5188146765093666815
staticfield sun/net/www/ParseUtil L_PCHAR J 2882162826460266497
staticfield sun/net/www/ParseUtil H_PCHAR J 5188146764422578175
staticfield sun/net/www/ParseUtil L_PATH J 3458764316252045313
staticfield sun/net/www/ParseUtil H_PATH J 5188146764422578175
staticfield sun/net/www/ParseUtil L_USERINFO J 3458623578763689985
staticfield sun/net/www/ParseUtil H_USERINFO J 5188146764422578174
staticfield sun/net/www/ParseUtil L_REG_NAME J 3458623578763689985
staticfield sun/net/www/ParseUtil H_REG_NAME J 5188146764422578175
staticfield sun/net/www/ParseUtil L_SERVER J 3458623578763689985
staticfield sun/net/www/ParseUtil H_SERVER J 5188146765093666815
staticfield sun/net/www/ParseUtil $assertionsDisabled Z 1
ciInstanceKlass java/util/BitSet 1 1 400 7 9 9 9 100 10 10 9 10 100 100 10 8 10 10 10 10 10 10 10 10 10 10 10 10 10 10 10 9 10 10 10 10 10 10 5 0 10 10 10 10 100 8 10 8 8 8 8 10 10 10 5 0 10 10 10 10 10 10 10 8 10 10 10 10 5 0 10 10 10 7 100 100 10 10 8 10 10 10 10 10 10 10 10 10 8 18 100 10 100 10 10 10 7 10 9 7 100 100 1 1 1 1 1 3 1 3 1 3 1 1 1 1 1 1 1 1 1 1 5 0 1 1 1 1 1 1 1 1 1 1 1 100 1 1 1 1 1 1 1 1 1 100 100 1 1 1 1 1 1 1 1 1 1 1 1 1 1 1 1 1 1 1 1 1 1 1 1 1 1 1 1 1 1 1 1 1 1 1 1 100 1 1 1 1 100 1 1 100 100 100 1 1 100 1 1 1 100 1 1 1 1 1 1 12 12 12 1 12 12 12 1 1 1 12 12 12 12 12 12 100 12 12 100 12 12 12 12 100 12 12 12 100 12 12 12 12 12 12 12 12 100 12 12 1 1 1 1 1 1 12 12 12 12 12 12 12 12 12 100 12 1 12 12 12 100 12 12 12 100 1 1 12 100 12 1 100 12 12 100 12 100 12 12 12 12 12 1 1 15 16 15 16 12 1 100 12 1 12 100 12 7 12 1 12 12 1 1 1 1 1 1 1 1 1 1 1 1 1 1 1 1 1 1 1 1 1 1 1 1 1 1 1 1 1 1 1 1 1 1 1 1 1 1 1 1 1 1 1 1 1 1 1 1 1 1 1 1 1 1 1 1 1 1 1 1 1 1 1 1 1 1 10 10 1 1 1 1 1 1 100 1 1 1 1 100 12 12 100 1 1 1 100 1 1 1 100 1 1
staticfield java/util/BitSet serialPersistentFields [Ljava/io/ObjectStreamField; 1 [Ljava/io/ObjectStreamField;
staticfield java/util/BitSet $assertionsDisabled Z 1
ciInstanceKlass java/util/HashSet 1 1 248 10 7 10 9 11 4 10 10 10 10 100 10 10 11 10 10 10 9 10 10 10 10 7 10 100 100 10 10 10 10 10 10 11 11 10 10 10 100 100 10 8 10 10 10 10 10 10 8 10 8 4 10 4 10 100 10 11 100 10 100 10 7 10 7 100 100 100 1 1 1 5 0 1 1 1 1 1 1 1 1 1 1 1 1 1 1 1 1 1 1 1 1 1 1 1 1 1 1 1 1 1 1 1 100 1 1 100 1 100 1 1 100 100 100 100 1 1 1 1 1 1 1 12 1 12 100 12 100 12 12 12 12 1 12 12 12 12 12 12 12 12 12 1 1 1 12 100 12 12 12 12 12 100 12 12 12 100 12 12 1 1 1 12 12 12 12 12 100 12 1 12 1 12 100 12 100 1 1 1 12 100 12 1 12 1 1 12 1 1 1 1 1 1 1 1 1 1 1 1 1 1 1 1 1 1 1 1 1 1 1 1 1 1 1 1 1 1 1 1 1 1 1 1 1 1 1 1 1 1 1 1 1 1 1 1 1 1 1 100 1 1 1 1 1 1 1 1
staticfield java/util/HashSet PRESENT Ljava/lang/Object; java/lang/Object
ciInstanceKlass sun/misc/URLClassPath 1 1 532 9 9 9 9 9 9 10 10 10 7 10 9 7 10 9 9 7 10 9 9 10 10 8 11 9 10 10 100 10 10 11 11 7 10 7 11 10 10 9 10 10 7 10 100 10 9 100 10 8 10 8 10 10 10 7 10 10 7 10 10 10 9 9 10 10 10 9 9 8 10 8 10 8 8 10 10 8 10 8 8 10 10 10 10 10 10 10 100 8 8 10 10 8 7 10 10 7 10 10 100 9 10 10 10 100 10 10 10 10 10 10 100 10 10 10 10 100 10 8 10 10 10 100 8 100 10 10 10 10 7 8 10 10 7 9 8 8 8 8 8 8 8 10 10 8 8 10 7 7 100 1 1 100 1 1 1 1 1 8 1 1 1 1 1 1 1 1 1 1 1 1 1 1 1 1 1 1 1 1 1 1 1 1 1 1 1 1 1 1 1 1 1 1 1 100 100 100 1 1 1 1 100 100 100 100 1 1 1 100 100 1 1 1 1 100 100 1 1 1 1 1 1 1 1 1 1 1 1 1 1 1 1 1 1 1 1 1 1 1 1 1 1 1 1 1 1 1 1 100 100 1 100 1 1 1 1 100 100 1 1 100 1 100 100 100 1 1 1 1 1 1 1 1 1 1 1 1 1 1 1 1 12 12 12 12 12 12 12 12 12 1 12 1 12 12 1 12 12 12 12 1 7 12 12 12 100 12 1 12 100 12 12 1 12 1 100 12 12 12 12 12 1 12 12 7 12 1 1 12 1 12 100 12 12 1 12 1 12 12 12 12 12 12 12 12 12 1 12 1 12 1 1 7 12 12 1 12 1 1 12 12 12 12 12 12 12 1 1 1 12 12 1 1 12 7 12 1 12 12 1 12 12 12 12 1 12 12 12 100 12 12 12 1 12 12 100 12 100 12 1 100 12 1 12 12 12 1 1 1 12 12 12 12 1 1 12 1 12 1 1 1 1 1 1 1 12 1 1 7 12 1 1 1 1 1 1 1 1 1 1 1 1 1 1 1 1 1 1 1 1 1 1 1 1 1 1 1 1 1 1 1 1 1 1 1 1 1 1 1 1 1 1 1 1 1 1 1 1 1 1 1 1 1 1 1 1 1 1 1 1 1 1 1 1 1 1 1 1 1 1 1 1 1 1 1 1 1 1 1 1 1 1 1 1 1 1 1 1 1 1 1 1 1 1 1 1 1 1 1 1 1
staticfield sun/misc/URLClassPath JAVA_VERSION Ljava/lang/String; "1.8.0_202"
staticfield sun/misc/URLClassPath DEBUG Z 0
staticfield sun/misc/URLClassPath DEBUG_LOOKUP_CACHE Z 0
staticfield sun/misc/URLClassPath DISABLE_JAR_CHECKING Z 0
staticfield sun/misc/URLClassPath DISABLE_ACC_CHECKING Z 0
staticfield sun/misc/URLClassPath DISABLE_CP_URL_CHECK Z 1
staticfield sun/misc/URLClassPath DEBUG_CP_URL_CHECK Z 0
ciInstanceKlass sun/net/util/URLUtil 1 1 116 10 7 10 10 10 10 8 10 10 10 8 10 10 10 10 8 10 8 10 8 8 8 10 10 10 7 10 10 10 10 10 100 10 100 100 1 1 1 1 1 1 1 100 100 1 1 100 1 100 1 1 1 12 1 12 7 12 12 1 12 12 12 1 12 12 12 1 12 1 12 1 1 1 12 12 12 1 12 12 100 12 12 12 1 1 1 1 1 1 1 1 1 1 1 1 1 1 1 1 1 1 1 1 1 1 1 1 1 1 1 1 1 1 1 1
instanceKlass sun/misc/URLClassPath$JarLoader
ciInstanceKlass sun/misc/URLClassPath$Loader 1 1 128 9 10 100 10 10 100 100 8 10 10 10 100 8 10 10 10 10 10 100 100 10 10 9 100 10 10 10 7 7 100 1 1 1 1 1 1 1 1 1 1 1 1 1 1 1 100 100 100 100 100 100 1 1 1 1 1 1 100 1 1 1 1 1 1 12 12 1 100 12 12 1 1 1 12 100 12 12 1 1 12 12 100 12 12 100 12 1 1 12 100 12 12 1 12 12 100 1 1 1 1 1 1 1 1 1 1 1 1 1 1 1 1 1 1 1 1 1 1 1 1 1 1 1 1 1 1 1
ciInstanceKlass sun/misc/URLClassPath$JarLoader 1 1 539 7 9 9 9 9 9 10 9 9 7 8 8 7 10 10 8 10 10 10 10 9 10 10 10 10 7 10 10 10 10 8 10 10 7 10 10 7 10 7 10 10 9 11 8 10 10 7 10 10 7 10 10 7 10 10 10 10 8 9 10 100 10 100 10 10 10 10 100 100 7 10 8 10 10 10 11 11 100 10 10 10 10 10 10 7 10 10 10 10 7 10 100 10 10 7 100 10 10 10 10 11 10 100 8 10 10 10 11 10 10 9 10 10 10 7 10 10 10 10 10 10 10 100 9 10 10 10 10 10 10 10 10 8 10 100 10 9 8 8 10 10 7 1 1 1 1 1 1 1 1 1 1 1 1 1 1 1 1 1 1 1 1 1 1 1 1 1 1 1 1 100 100 100 100 100 100 1 1 1 1 1 1 1 1 1 100 1 1 100 100 1 100 1 1 1 1 100 100 100 1 1 100 100 1 1 100 1 1 1 100 100 100 1 1 1 1 1 1 100 1 1 100 1 1 1 1 1 1 1 1 1 1 1 1 1 1 1 1 1 1 1 1 1 1 1 1 12 12 12 12 12 12 12 12 1 1 1 12 12 1 12 12 12 12 12 12 12 12 7 12 1 12 7 12 12 12 1 12 12 1 12 7 12 1 12 1 7 12 12 12 100 12 1 12 1 1 12 1 12 12 12 1 12 100 12 1 12 1 12 12 12 12 1 1 1 12 1 12 12 12 100 12 12 1 12 12 7 12 12 12 12 1 12 7 12 100 12 1 12 1 100 12 100 12 1 1 12 12 12 12 100 12 12 1 1 12 7 12 7 12 12 7 12 7 12 7 12 12 7 12 1 12 12 12 12 12 100 12 1 12 12 100 12 12 12 12 12 12 1 12 1 12 12 1 1 100 12 12 1 1 1 1 1 1 1 1 1 1 1 1 1 1 1 1 1 1 1 1 1 1 1 1 1 1 1 1 1 1 1 1 1 1 1 1 1 1 1 1 1 1 1 1 1 1 1 1 1 1 1 1 1 1 1 1 1 1 1 1 1 1 1 1 1 1 1 1 1 1 1 1 1 1 1 1 1 1 1 1 1 1 1 1 1 1 1 1 1 1 1 1 1 1 1 1 1 1 1 1 1 1 1 1 1 1 1 1 1 1 1 1 1 1 1 1 1 1 1 1 1 1 1 1 1 1 1 1 1 1 1 1 1 1 1 1 1 1 1 1
staticfield sun/misc/URLClassPath$JarLoader zipAccess Lsun/misc/JavaUtilZipFileAccess; java/util/zip/ZipFile$1
instanceKlass java/util/jar/JarFile
ciInstanceKlass java/util/zip/ZipFile 1 1 527 7 100 10 10 10 10 10 10 10 9 10 9 10 9 9 10 10 9 7 10 7 10 9 10 10 7 10 7 10 9 100 100 10 8 10 10 10 10 10 10 10 10 100 8 10 10 9 10 10 9 10 10 10 10 10 10 10 9 10 10 8 10 10 9 8 10 9 9 10 7 10 10 11 5 0 5 0 5 0 5 0 10 7 10 100 8 10 11 7 10 10 10 11 100 10 10 100 10 10 10 10 10 8 10 10 9 10 9 9 9 9 10 9 11 100 10 11 11 11 11 11 100 11 100 10 11 10 10 10 100 8 10 8 8 10 8 10 10 8 10 8 8 7 10 10 7 100 100 1 1 1 1 1 1 1 1 1 1 1 1 1 1 1 3 1 3 1 3 1 3 1 1 1 1 1 1 1 1 1 1 1 1 1 1 3 1 1 1 1 1 1 1 100 1 1 1 1 100 100 100 100 100 1 1 1 1 100 100 100 1 1 100 1 1 1 1 1 100 100 100 1 1 1 1 1 1 1 1 1 1 1 1 1 1 1 1 1 1 100 100 1 1 1 1 1 1 1 1 1 1 1 1 1 1 1 1 1 1 1 1 1 1 1 1 1 1 1 1 1 1 1 1 1 1 1 1 1 1 1 1 1 1 1 1 1 1 1 1 1 1 1 1 1 1 1 1 12 12 12 12 12 12 12 12 12 12 12 12 12 12 12 12 1 12 1 12 7 12 12 12 1 1 12 1 1 1 12 100 12 12 12 7 12 100 12 12 1 1 7 12 12 12 12 12 12 7 12 12 12 12 12 12 12 12 12 12 12 12 1 12 12 12 1 12 12 7 12 12 1 12 1 1 7 12 1 12 12 12 12 1 12 12 1 100 12 100 12 12 12 1 12 12 12 12 12 12 12 12 12 12 12 1 12 12 12 100 12 100 12 12 1 1 12 1 12 12 12 12 1 1 1 1 12 1 7 12 100 12 1 12 1 1 1 7 12 1 1 1 1 1 1 1 1 1 1 1 1 1 1 1 1 1 1 1 1 1 1 1 1 1 1 1 1 1 1 1 1 1 1 1 1 1 1 1 1 1 1 1 1 1 1 1 1 1 1 1 1 1 1 1 1 1 1 1 1 1 1 1 1 1 1 1 1 1 1 1 1 1 1 1 1 1 1 1 1 1 1 1 1 1 1 1 1 1 1 1
staticfield java/util/zip/ZipFile usemmap Z 1
staticfield java/util/zip/ZipFile ensuretrailingslash Z 1
ciInstanceKlass sun/misc/URLClassPath$JarLoader$1 1 1 147 9 10 10 9 100 10 8 10 10 10 10 10 10 10 10 10 10 10 10 10 10 7 10 10 10 10 10 100 10 7 7 100 1 7 1 1 1 1 1 1 1 1 1 1 100 100 1 100 1 100 1 1 1 1 1 12 12 12 7 12 100 12 1 1 12 12 12 12 100 12 100 12 12 12 12 12 7 12 12 12 12 1 12 7 12 12 7 12 12 1 12 1 1 1 1 1 1 1 1 1 1 1 1 1 1 1 1 1 1 1 1 1 1 1 1 1 1 1 1 1 1 1 1 1 1 1 1 1 1 1 1 1 1 1 1 1 1 1 1 1 1 1 1 1 1 1
instanceKlass java/io/UnsupportedEncodingException
instanceKlass java/io/FileNotFoundException
ciInstanceKlass java/io/IOException 1 1 27 10 10 10 10 100 7 1 1 1 5 0 1 1 1 1 1 1 1 1 1 12 12 12 12 1 1
ciInstanceKlass java/io/FileNotFoundException 1 1 43 10 10 7 10 10 8 8 8 10 100 7 1 1 1 5 0 1 1 1 1 1 1 1 100 100 1 1 12 12 1 12 1 1 1 12 1 1 1 1 1 1 1
ciInstanceKlass java/security/PrivilegedActionException 1 1 59 100 10 9 10 10 100 10 10 8 10 10 7 7 1 1 1 5 0 1 1 1 1 1 1 1 1 1 1 1 1 1 100 1 1 1 12 12 100 12 100 12 1 12 12 1 12 1 1 1 1 1 1 1 1 1 1 1 1
instanceKlass sun/net/www/protocol/jar/URLJarFile
ciInstanceKlass java/util/jar/JarFile 1 1 466 9 10 10 7 10 7 10 10 9 10 9 10 7 10 10 9 7 10 7 10 10 10 10 7 10 10 7 10 7 10 100 10 10 100 10 10 10 9 10 8 10 8 8 8 10 7 8 10 10 10 100 8 10 100 10 10 10 100 9 8 10 10 10 8 10 8 10 10 10 100 10 10 100 10 10 9 10 9 10 9 10 9 9 9 10 9 7 8 10 10 7 9 9 7 10 10 8 10 8 8 8 8 8 8 8 8 8 8 10 10 100 10 10 10 10 10 100 10 10 100 10 10 11 100 10 10 100 10 9 10 10 10 10 100 10 7 10 10 1 1 1 1 1 1 1 1 1 1 1 1 1 1 1 1 1 1 1 1 1 1 1 1 1 1 1 1 1 1 1 1 1 1 1 1 1 1 1 1 100 100 100 1 1 1 1 1 1 100 1 1 1 1 1 1 1 1 100 100 1 100 100 1 1 100 100 100 1 1 1 1 1 1 1 1 1 1 1 1 1 1 1 1 1 1 100 1 1 1 1 100 1 1 1 1 1 1 1 1 1 1 1 1 1 1 12 12 12 1 12 1 12 12 12 12 12 12 1 12 12 12 1 12 1 12 12 12 1 12 12 1 1 12 1 12 12 1 100 12 100 12 12 7 12 12 1 12 1 1 1 12 1 1 12 100 12 12 1 1 1 12 12 12 1 12 1 100 12 12 12 1 12 1 7 12 7 12 7 12 1 12 12 1 1 12 12 12 12 12 7 12 12 12 12 12 12 12 12 1 1 7 12 1 12 12 1 12 12 1 12 1 1 1 1 1 1 1 1 1 1 12 1 12 12 12 12 12 1 12 12 1 12 12 100 12 1 12 1 12 12 12 12 12 1 1 7 12 1 1 1 1 1 1 1 1 1 1 1 1 1 1 1 1 1 1 1 1 1 1 1 1 1 1 1 1 1 1 1 1 1 1 1 1 1 1 1 1 1 1 1 1 1 1 1 1 1 1 1 1 1 1 1 1 1 1 1 1 1 1 1 1 1 1 1 1 1 1 1 1 1 1 1 1 1 1 1
staticfield java/util/jar/JarFile CLASSPATH_CHARS [C 10
staticfield java/util/jar/JarFile CLASSPATH_LASTOCC [I 128
staticfield java/util/jar/JarFile CLASSPATH_OPTOSFT [I 10
ciInstanceKlass java/nio/charset/StandardCharsets 1 1 58 10 100 8 10 8 10 9 8 9 8 9 8 9 8 9 8 9 7 100 1 1 1 1 1 1 1 1 1 1 1 1 1 1 12 1 1 12 1 7 12 12 1 12 1 12 1 12 1 12 1 12 1 1 1 1 1 1
staticfield java/nio/charset/StandardCharsets US_ASCII Ljava/nio/charset/Charset; sun/nio/cs/US_ASCII
staticfield java/nio/charset/StandardCharsets ISO_8859_1 Ljava/nio/charset/Charset; sun/nio/cs/ISO_8859_1
staticfield java/nio/charset/StandardCharsets UTF_8 Ljava/nio/charset/Charset; sun/nio/cs/UTF_8
staticfield java/nio/charset/StandardCharsets UTF_16BE Ljava/nio/charset/Charset; sun/nio/cs/UTF_16BE
staticfield java/nio/charset/StandardCharsets UTF_16LE Ljava/nio/charset/Charset; sun/nio/cs/UTF_16LE
staticfield java/nio/charset/StandardCharsets UTF_16 Ljava/nio/charset/Charset; sun/nio/cs/UTF_16
ciInstanceKlass java/util/zip/ZipCoder 1 1 201 10 10 10 7 10 9 7 11 100 8 10 10 10 10 10 10 10 10 10 10 10 10 10 10 7 11 10 10 10 10 10 10 9 7 9 10 10 9 10 10 9 10 9 10 10 9 10 10 10 7 1 1 1 1 1 1 1 1 1 1 1 1 1 1 1 100 100 100 100 100 1 1 1 100 100 100 100 1 1 1 1 1 1 1 1 1 1 1 1 1 12 7 12 12 1 12 12 1 12 1 1 12 12 100 12 100 12 12 100 12 12 12 12 12 12 7 12 12 12 1 12 7 12 12 12 12 12 12 1 7 12 12 12 12 7 12 12 12 12 7 12 12 12 12 12 12 12 1 1 1 1 1 1 1 1 1 1 1 1 1 1 1 1 1 1 1 1 1 1 1 1 1 1 1 1 1 1 1 1 1 1 1 1 1 1 1 1 1 1 1 1 1 1 1 1 1 1 1 1 1
ciInstanceKlass sun/misc/JarIndex 1 1 303 10 7 10 9 9 10 10 9 10 10 7 8 10 10 10 10 10 7 10 10 10 10 8 10 10 10 10 100 9 10 10 10 11 11 100 10 8 10 7 8 9 10 10 10 10 100 100 8 10 10 8 10 100 10 10 8 10 10 11 11 7 10 7 7 10 10 7 10 10 8 10 10 10 10 10 7 10 11 100 11 11 10 8 7 8 10 10 7 1 1 1 1 1 1 1 1 1 1 1 1 1 1 1 1 1 1 100 1 1 1 1 1 100 100 1 1 1 1 100 1 1 1 1 1 1 100 1 1 100 100 100 1 1 100 100 1 100 100 100 1 1 100 1 1 1 12 1 12 12 12 12 12 12 1 1 7 12 12 12 12 12 1 12 12 12 1 12 12 12 12 1 100 12 12 12 12 100 12 12 1 12 1 12 1 1 12 12 12 12 12 1 1 1 12 12 1 12 1 12 1 12 12 100 12 12 1 12 1 1 12 12 1 12 1 12 12 12 12 12 100 100 1 1 1 12 12 12 1 1 1 7 12 1 1 1 1 1 1 1 1 1 1 1 1 1 1 1 1 1 1 1 1 1 1 1 1 1 1 1 1 1 1 1 1 1 1 1 1 1 1 1 1 1 1 1 1 1 1 1 1 1 1 1 1 1 1 1 1 1 1 1 1 1 1 1 1 1 1 1 1 1 1
staticfield sun/misc/JarIndex metaInfFilenames Z 0
instanceKlass java/util/jar/JarEntry
ciInstanceKlass java/util/zip/ZipEntry 1 1 232 100 10 5 0 9 9 9 9 9 9 8 10 10 3 100 8 10 9 8 9 9 9 9 9 10 7 5 0 5 0 9 10 10 10 8 100 10 10 8 8 8 5 0 8 8 10 8 10 10 10 10 10 10 8 10 10 10 10 10 100 100 100 10 7 100 100 1 1 1 1 1 1 1 1 1 1 1 1 1 1 1 1 1 1 1 3 1 3 1 1 1 1 1 1 1 100 100 1 1 1 1 1 1 1 1 1 1 1 1 1 1 1 1 1 1 1 1 1 1 1 1 1 1 1 1 1 1 1 1 1 1 1 1 1 1 1 1 100 1 1 1 12 12 12 12 12 12 12 7 12 100 12 1 1 12 12 1 12 12 12 12 12 7 12 1 100 12 12 12 12 1 1 12 12 1 1 1 1 1 12 1 12 12 12 7 12 12 12 1 12 12 12 12 100 1 1 12 1 1 1 1 1 1 1 1 1 1 1 1 1 1 1 1 1 1 1 1 1 1 1 1 1 1 1 1 1 1 1 1 1 1
instanceKlass sun/net/www/protocol/jar/URLJarFile$URLJarFileEntry
instanceKlass java/util/jar/JarFile$JarFileEntry
ciInstanceKlass java/util/jar/JarEntry 1 1 49 10 10 10 9 9 9 10 100 10 100 7 7 1 1 1 1 1 1 1 1 1 1 1 1 1 1 1 100 1 1 1 1 1 1 1 12 12 12 12 12 100 12 100 1 1 1 1 1
ciInstanceKlass java/util/jar/JarFile$JarFileEntry 1 1 86 9 10 10 10 10 10 100 100 10 9 10 10 10 100 9 10 10 100 7 7 1 1 1 1 1 1 1 1 1 100 1 1 1 100 1 1 1 1 12 12 7 12 12 100 12 12 1 1 12 12 12 100 12 100 12 1 12 12 100 1 1 1 1 1 1 1 1 1 1 1 1 1 1 1 1 1 1 1 1 1 1 1 1 1 1
instanceKlass sun/misc/URLClassPath$JarLoader$2
ciInstanceKlass sun/misc/Resource 1 1 105 10 9 10 10 10 10 100 100 3 10 10 10 100 8 10 10 100 10 10 7 11 7 7 1 1 1 1 1 1 1 1 1 1 1 1 1 1 1 1 1 1 1 1 100 100 100 100 100 100 1 1 1 1 1 1 1 1 1 1 12 12 12 12 7 12 12 1 1 7 12 7 12 7 12 1 1 12 12 1 12 12 1 12 1 1 1 1 1 1 1 1 1 1 1 1 1 1 1 1 1 1 1 1 1
ciInstanceKlass sun/misc/URLClassPath$JarLoader$2 1 1 95 9 9 9 9 10 10 10 10 10 10 11 10 10 10 7 7 1 1 1 1 1 1 1 7 1 1 1 1 1 1 1 1 1 1 1 1 1 1 1 100 1 1 1 1 1 1 1 1 1 1 1 12 12 12 12 12 12 12 12 7 12 7 12 7 12 7 12 12 12 12 1 1 100 1 1 1 1 1 1 1 1 1 1 1 1 1 1 1 1 1 1 1 1 1
ciInstanceKlass java/util/LinkedList 1 1 308 10 9 10 10 9 7 10 9 9 9 9 9 100 10 10 10 10 10 10 10 10 10 10 11 10 10 10 100 10 8 10 10 8 10 10 100 10 10 10 10 10 10 10 10 10 100 10 100 10 10 7 100 100 10 10 7 10 10 10 100 10 10 10 10 10 10 100 10 7 100 100 100 100 100 1 1 1 1 1 1 1 1 1 1 1 1 1 1 1 5 0 1 1 1 1 1 1 1 1 1 100 1 1 1 1 1 1 1 100 1 1 1 1 1 1 1 1 1 1 1 1 1 1 1 1 1 1 1 1 1 100 100 1 1 1 1 1 1 1 1 1 1 1 1 1 1 1 1 1 1 1 1 1 1 1 1 1 1 1 1 1 1 1 1 1 1 1 1 1 1 1 1 1 1 1 1 1 1 100 1 1 1 1 1 1 1 1 1 100 1 1 100 1 1 1 1 1 1 12 12 12 12 1 12 12 12 12 12 12 1 12 12 12 12 12 12 12 12 12 100 12 12 12 12 1 1 12 12 1 12 12 1 12 12 12 12 12 12 12 12 12 1 12 1 12 12 1 1 1 12 12 1 12 100 12 100 12 1 100 12 12 12 100 12 12 12 1 12 1 1 1 1 1 1 1 1 1 1 1 1 1 1 1 1 1 1 1 1 1 1 1 1 1 1 1 1 1 1 1 1 1 1 1 1 1 1 1
ciInstanceKlass java/util/zip/ZipUtils 1 1 122 10 5 0 7 5 0 9 10 10 9 100 5 0 5 0 5 0 5 0 5 0 5 0 10 10 10 10 10 100 5 0 10 10 10 10 10 10 5 0 10 10 5 0 10 100 1 1 1 1 1 1 1 1 1 1 1 1 1 1 1 1 1 1 100 1 1 1 1 1 1 1 1 12 1 7 12 7 12 12 12 1 12 12 12 12 12 1 12 12 12 12 12 12 7 12 12 12 1 1 1 1 1 1 1 1 1 1 1 1 1 1 1 1 1 1 1 1 1 1 1 1
ciInstanceKlass java/nio/file/attribute/FileTime 1 1 286 7 10 9 9 9 8 10 10 9 8 10 10 9 100 5 0 5 0 10 9 10 5 0 10 3 9 10 5 0 5 0 10 5 0 5 0 5 0 5 0 10 10 5 0 5 0 100 8 10 5 0 9 5 0 9 10 10 10 10 10 9 10 10 10 10 10 10 9 10 5 0 5 0 5 0 9 10 10 10 100 10 8 8 10 10 10 10 10 10 10 10 10 3 10 7 100 100 1 1 1 1 1 1 1 1 1 1 1 5 0 1 1 1 1 1 1 1 1 1 1 3 1 1 1 5 0 1 1 1 1 1 1 1 1 1 1 1 1 1 1 1 1 100 1 1 1 1 1 1 1 1 1 1 1 1 1 1 1 1 1 100 100 100 1 1 1 1 1 1 12 12 12 12 7 12 12 100 12 12 100 12 12 1 12 12 12 100 12 12 12 12 12 12 1 1 12 12 12 12 12 12 12 12 12 12 12 12 12 12 12 12 12 100 12 100 12 12 1 12 1 1 12 12 12 100 12 12 12 12 12 12 12 1 1 1 1 1 1 1 1 1 1 1 1 1 1 1 1 1 1 1 1 1 1 1 1 1 1 1 1 1 1 1 1 1 1 1 1 1 1 1 1 1 1 1 1 1 1 1 1 1 1 1 1 1
instanceKlass sun/java2d/InvalidPipeException
ciInstanceKlass java/lang/IllegalStateException 1 1 27 10 10 10 10 100 100 1 1 1 5 0 1 1 1 1 1 1 1 1 1 12 12 12 12 1 1
ciMethod java/lang/Object <init> ()V 4097 1 55104 0 96
ciMethod java/lang/String <init> ([C)V 385 1 94 0 -1
ciMethod java/lang/String <init> ([CII)V 4097 1 10782 0 -1
ciMethod java/lang/String startsWith (Ljava/lang/String;I)Z 4097 1 5570 0 416
ciMethod java/lang/String startsWith (Ljava/lang/String;)Z 4097 1 6016 0 0
ciMethod java/lang/String endsWith (Ljava/lang/String;)Z 4097 1 2335 0 0
ciMethod java/lang/String toCharArray ()[C 4097 1 13062 0 256
ciMethod java/lang/System arraycopy (Ljava/lang/Object;ILjava/lang/Object;II)V 113665 1 14208 0 -1
ciMethod java/net/URL <init> (Ljava/net/URL;Ljava/lang/String;)V 633 1 106 0 -1
ciMethod java/nio/Buffer position ()I 1041 1 130 0 -1
ciMethod java/lang/Character isSurrogate (C)Z 0 0 1 0 -1
ciMethod java/lang/Byte toUnsignedInt (B)I 433 1 54 0 -1
ciMethod java/security/AccessController doPrivileged (Ljava/security/PrivilegedExceptionAction;Ljava/security/AccessControlContext;)Ljava/lang/Object; 2057 1 257 24 -1
ciMethod java/util/AbstractCollection <init> ()V 257 1 1261 0 0
ciMethod java/util/Set add (Ljava/lang/Object;)Z 0 0 1 0 -1
ciMethod java/util/AbstractSet <init> ()V 65 1 42 0 0
ciMethod java/util/AbstractMap <init> ()V 401 1 1108 0 0
ciMethod java/util/HashMap <init> ()V 121 1 196 0 0
ciMethod java/util/HashMap get (Ljava/lang/Object;)Ljava/lang/Object; 2049 1 1701 0 -1
ciMethod java/lang/Math min (II)I 4097 1 30090 0 -1
ciMethod java/nio/charset/Charset newEncoder ()Ljava/nio/charset/CharsetEncoder; 0 0 1 0 -1
ciMethod java/util/Arrays copyOf ([BI)[B 2065 1 14473 0 0
ciMethodData java/lang/Object <init> ()V 2 55104 orig 264 104 147 126 93 0 0 0 0 128 4 251 235 247 1 0 0 32 1 0 0 0 0 0 0 0 0 0 0 0 0 0 0 0 0 0 0 0 0 0 0 0 0 0 0 0 0 0 0 0 0 0 0 0 0 0 0 0 0 0 0 0 0 0 0 0 0 0 0 0 0 0 0 0 0 0 0 0 0 0 0 77 68 79 32 101 120 116 114 97 32 100 97 116 97 32 108 111 99 107 0 0 0 0 0 0 0 0 0 0 0 0 0 0 0 0 0 0 0 0 0 0 0 0 0 0 0 0 0 0 0 0 0 0 0 0 0 0 0 0 0 0 0 0 0 0 0 0 0 0 0 0 0 0 0 0 0 0 0 0 0 0 0 0 0 0 0 0 0 0 0 0 0 0 0 0 0 0 0 0 0 0 0 0 0 1 0 0 0 0 0 0 0 1 0 0 0 0 0 0 0 1 0 0 0 0 0 0 0 0 0 0 0 0 0 0 0 0 2 0 0 1 170 6 0 1 0 0 0 0 0 0 0 0 0 0 0 2 0 0 0 0 0 0 0 0 0 0 0 0 0 0 0 255 255 255 255 0 0 0 0 0 0 0 0 data 0 oops 0
ciMethod sun/nio/cs/ArrayDecoder decode ([BII[C)I 0 0 1 0 -1
ciMethod java/nio/charset/CharsetDecoder maxCharsPerByte ()F 2089 1 1252 0 -1
ciMethod java/nio/charset/CharsetDecoder decode (Ljava/nio/ByteBuffer;Ljava/nio/CharBuffer;Z)Ljava/nio/charset/CoderResult; 721 1 927 0 -1
ciMethod java/nio/charset/CharsetDecoder flush (Ljava/nio/CharBuffer;)Ljava/nio/charset/CoderResult; 657 1 907 0 -1
ciMethod java/nio/charset/CharsetDecoder reset ()Ljava/nio/charset/CharsetDecoder; 1849 1 2634 0 -1
ciMethod java/util/Objects requireNonNull (Ljava/lang/Object;Ljava/lang/String;)Ljava/lang/Object; 2049 1 823 0 0
ciMethod sun/nio/cs/UTF_8 newEncoder ()Ljava/nio/charset/CharsetEncoder; 2049 1 771 0 0
ciMethod sun/nio/cs/ArrayEncoder encode ([CII[B)I 0 0 1 0 -1
ciMethod sun/nio/cs/UTF_8$Encoder <init> (Ljava/nio/charset/Charset;)V 2049 1 771 0 -1
ciMethod sun/nio/cs/UTF_8$Encoder encode ([CII[B)I 897 41241 794 0 -1
ciMethod sun/nio/cs/UTF_8$Encoder <init> (Ljava/nio/charset/Charset;Lsun/nio/cs/UTF_8$1;)V 2049 1 771 0 -1
ciMethod java/nio/charset/CharsetEncoder onMalformedInput (Ljava/nio/charset/CodingErrorAction;)Ljava/nio/charset/CharsetEncoder; 305 1 773 0 0
ciMethod java/nio/charset/CharsetEncoder implOnMalformedInput (Ljava/nio/charset/CodingErrorAction;)V 305 1 773 0 0
ciMethod java/nio/charset/CharsetEncoder onUnmappableCharacter (Ljava/nio/charset/CodingErrorAction;)Ljava/nio/charset/CharsetEncoder; 305 1 773 0 0
ciMethod java/nio/charset/CharsetEncoder implOnUnmappableCharacter (Ljava/nio/charset/CodingErrorAction;)V 305 1 773 0 0
ciMethod java/nio/charset/CharsetEncoder maxBytesPerChar ()F 2057 1 12596 0 0
ciMethod java/nio/charset/CharsetEncoder encode (Ljava/nio/CharBuffer;Ljava/nio/ByteBuffer;Z)Ljava/nio/charset/CoderResult; 0 0 1 0 -1
ciMethod java/nio/charset/CharsetEncoder flush (Ljava/nio/ByteBuffer;)Ljava/nio/charset/CoderResult; 0 0 1 0 -1
ciMethod java/nio/charset/CharsetEncoder reset ()Ljava/nio/charset/CharsetEncoder; 2049 1 11807 0 0
ciMethod java/nio/charset/CharsetEncoder implReset ()V 2049 1 12146 0 0
ciMethod java/nio/ByteBuffer wrap ([BII)Ljava/nio/ByteBuffer; 17 1 2 0 -1
ciMethod java/nio/ByteBuffer wrap ([B)Ljava/nio/ByteBuffer; 17 1 2 0 -1
ciMethod java/nio/CharBuffer wrap ([C)Ljava/nio/CharBuffer; 0 0 1 0 -1
ciMethod java/nio/charset/CoderResult isUnderflow ()Z 1425 1 1852 0 -1
ciMethod sun/misc/MetaIndex mayContain (Ljava/lang/String;)Z 1825 8057 889 0 0
ciMethod sun/net/www/ParseUtil encodePath (Ljava/lang/String;Z)Ljava/lang/String; 1673 106497 846 0 -1
ciMethod java/util/HashSet <init> ()V 17 1 31 0 0
ciMethod sun/misc/URLClassPath check (Ljava/net/URL;)V 33 1 4 0 -1
ciMethodData sun/net/www/ParseUtil encodePath (Ljava/lang/String;Z)Ljava/lang/String; 2 56406 orig 264 104 147 126 93 0 0 0 0 224 180 24 236 247 1 0 0 32 5 0 0 96 0 0 0 0 0 0 0 0 0 0 0 0 0 0 0 0 0 0 0 0 0 0 0 0 0 0 0 0 0 0 0 0 0 0 0 0 0 0 0 0 0 0 0 0 0 0 0 0 0 0 0 0 0 0 0 0 0 0 0 77 68 79 32 101 120 116 114 97 32 100 97 116 97 32 108 111 99 107 0 0 0 0 0 0 0 0 0 0 0 0 0 0 0 0 0 0 0 0 0 0 0 0 0 0 0 0 0 0 0 0 0 0 0 0 0 0 0 0 0 0 0 0 0 0 0 0 0 0 0 0 0 0 0 0 0 0 0 0 0 0 0 0 0 0 0 0 0 0 0 0 0 0 0 0 0 0 0 0 0 0 0 0 0 0 0 0 0 0 0 0 0 0 0 0 0 0 0 0 0 0 0 0 0 0 0 0 0 0 0 0 0 0 0 0 0 0 52 0 0 1 20 0 0 177 66 5 0 0 0 0 0 0 0 0 0 2 0 0 0 1 0 46 0 2 0 0 0 208 3 0 0 255 255 255 255 5 0 1 0 0 0 0 0 data 122 0x10005 0x242 0x1f7d8c8ba60 0x3e 0x0 0x0 0xf0005 0x242 0x1f7d8c8ba60 0x3e 0x0 0x0 0x150005 0x242 0x1f7d8c8ba60 0x3e 0x0 0x0 0x210007 0x280 0x330 0xa82f 0x2c0007 0x9c65 0x40 0xbca 0x330007 0xdb 0x60 0xaef 0x370007 0xaef 0x58 0x9c65 0x3f0007 0x8c1b 0x38 0x104a 0x4a0003 0x1125 0x228 0x510007 0x0 0x188 0x970a 0x580007 0x2e97 0x40 0x6873 0x5f0007 0x6873 0xa0 0x0 0x660007 0x115a 0x40 0x1d3d 0x6d0007 0x1988 0x60 0x3b5 0x740007 0x5a0 0x58 0xf6f 0x7b0007 0x5f4 0x38 0x97b 0x860003 0x8b76 0x130 0x8e0005 0x0 0x1f7f1577d30 0xb94 0x0 0x0 0x910007 0x955 0x48 0x23f 0x980002 0x23f 0x9c0003 0x23f 0xb8 0xa70003 0x955 0xa0 0xaf0007 0x0 0x68 0x0 0xc10002 0x0 0xd40002 0x0 0xe60002 0x0 0xea0003 0x0 0x38 0xfc0002 0x0 0x10e0002 0x0 0x1180007 0xa82f 0x50 0x0 0x1260007 0x0 0x20 0x0 0x1390002 0x0 0x1420003 0xa82f 0xfffffffffffffce8 0x14c0002 0x280 oops 4 2 java/lang/String 8 java/lang/String 14 java/lang/String 74 java/util/BitSet
ciMethodData java/lang/String toCharArray ()[C 2 13398 orig 264 104 147 126 93 0 0 0 0 232 110 251 235 247 1 0 0 88 1 0 0 0 0 0 0 0 0 0 0 0 0 0 0 0 0 0 0 0 0 0 0 0 0 0 0 0 0 0 0 0 0 0 0 0 0 0 0 0 0 0 0 0 0 0 0 0 0 0 0 0 0 0 0 0 0 0 0 0 0 0 0 77 68 79 32 101 120 116 114 97 32 100 97 116 97 32 108 111 99 107 0 0 0 0 0 0 0 0 0 0 0 0 0 0 0 0 0 0 0 0 0 0 0 0 0 0 0 0 0 0 0 0 0 0 0 0 0 0 0 0 0 0 0 0 0 0 0 0 0 0 0 0 0 0 0 0 0 0 0 0 0 0 0 0 0 0 0 0 0 0 0 0 0 0 0 0 0 0 0 0 0 0 0 0 0 0 0 0 0 0 0 0 0 0 0 0 0 0 0 0 0 0 0 0 0 0 0 0 0 0 0 0 0 0 0 0 0 0 2 0 0 177 146 1 0 1 0 0 0 0 0 0 0 0 0 0 0 2 0 0 0 0 0 3 0 2 0 0 0 16 0 0 0 255 255 255 255 2 0 20 0 0 0 0 0 data 2 0x140002 0x3256 oops 0
ciMethodData java/lang/String startsWith (Ljava/lang/String;I)Z 2 16398 orig 264 104 147 126 93 0 0 0 0 248 77 251 235 247 1 0 0 176 1 0 0 32 0 0 0 0 0 0 0 0 0 0 0 0 0 0 0 0 0 0 0 0 0 0 0 0 0 0 0 0 0 0 0 0 0 0 0 0 0 0 0 0 0 0 0 0 0 0 0 0 0 0 0 0 0 0 0 0 0 0 0 77 68 79 32 101 120 116 114 97 32 100 97 116 97 32 108 111 99 107 0 0 0 0 0 0 0 0 0 0 0 0 0 0 0 0 0 0 0 0 0 0 0 0 0 0 0 0 0 0 0 0 0 0 0 0 0 0 0 0 0 0 0 0 0 0 0 0 0 0 0 0 0 0 0 0 0 0 0 0 0 0 0 0 0 0 0 0 0 0 0 0 0 0 0 0 0 0 0 0 0 0 0 0 0 0 0 0 0 0 0 0 0 0 0 0 0 0 0 0 0 0 0 0 0 0 0 0 0 0 0 0 0 0 0 0 0 0 2 0 0 17 158 0 0 113 0 2 0 0 0 0 0 0 0 0 0 2 0 0 0 1 0 13 0 2 0 0 0 128 0 0 0 255 255 255 255 7 0 25 0 0 0 0 0 data 16 0x190007 0x9 0x40 0x13b9 0x250007 0x1321 0x20 0x98 0x2f0007 0xe7 0x40 0x44ac 0x410007 0x3272 0xffffffffffffffe0 0x123a oops 0
ciMethodData java/lang/String startsWith (Ljava/lang/String;)Z 2 6016 orig 264 104 147 126 93 0 0 0 0 144 78 251 235 247 1 0 0 128 1 0 0 0 0 0 0 0 0 0 0 0 0 0 0 0 0 0 0 0 0 0 0 0 0 0 0 0 0 0 0 0 0 0 0 0 0 0 0 0 0 0 0 0 0 0 0 0 0 0 0 0 0 0 0 0 0 0 0 0 0 0 0 77 68 79 32 101 120 116 114 97 32 100 97 116 97 32 108 111 99 107 0 0 0 0 0 0 0 0 0 0 0 0 0 0 0 0 0 0 0 0 0 0 0 0 0 0 0 0 0 0 0 0 0 0 0 0 0 0 0 0 0 0 0 0 0 0 0 0 0 0 0 0 0 0 0 0 0 0 0 0 0 0 0 0 0 0 0 0 0 0 0 0 0 0 0 0 0 0 0 0 0 0 0 0 0 0 0 0 0 0 0 0 0 0 0 0 0 0 0 0 0 0 0 0 0 0 0 0 0 0 0 0 0 0 0 0 0 0 2 0 0 1 172 0 0 1 0 0 0 0 0 0 0 0 0 0 0 2 0 0 0 0 0 3 0 2 0 0 0 48 0 0 0 255 255 255 255 5 0 3 0 0 0 0 0 data 6 0x30005 0x182 0x1f7d8c8ba60 0x13fe 0x0 0x0 oops 1 2 java/lang/String
ciMethodData java/lang/String endsWith (Ljava/lang/String;)Z 2 2335 orig 264 104 147 126 93 0 0 0 0 48 79 251 235 247 1 0 0 128 1 0 0 0 0 0 0 0 0 0 0 0 0 0 0 0 0 0 0 0 0 0 0 0 0 0 0 0 0 0 0 0 0 0 0 0 0 0 0 0 0 0 0 0 0 0 0 0 0 0 0 0 0 0 0 0 0 0 0 0 0 0 0 77 68 79 32 101 120 116 114 97 32 100 97 116 97 32 108 111 99 107 0 0 0 0 0 0 0 0 0 0 0 0 0 0 0 0 0 0 0 0 0 0 0 0 0 0 0 0 0 0 0 0 0 0 0 0 0 0 0 0 0 0 0 0 0 0 0 0 0 0 0 0 0 0 0 0 0 0 0 0 0 0 0 0 0 0 0 0 0 0 0 0 0 0 0 0 0 0 0 0 0 0 0 0 0 0 0 0 0 0 0 0 0 0 0 0 0 0 0 0 0 0 0 0 0 0 0 0 0 0 0 0 0 0 0 0 0 0 2 0 0 249 56 0 0 1 0 0 0 0 0 0 0 0 0 0 0 2 0 0 0 0 0 3 0 2 0 0 0 48 0 0 0 255 255 255 255 5 0 13 0 0 0 0 0 data 6 0xd0005 0x184 0x1f7d8c8ba60 0x59b 0x0 0x0 oops 1 2 java/lang/String
ciMethod sun/net/util/URLUtil urlNoFragString (Ljava/net/URL;)Ljava/lang/String; 129 1 832 0 -1
ciMethod sun/misc/URLClassPath$JarLoader ensureOpen ()V 321 1 5477 12 224
ciMethod sun/misc/URLClassPath$JarLoader getIndex ()Lsun/misc/JarIndex; 0 0 1 0 -1
ciMethod sun/misc/URLClassPath$JarLoader checkResource (Ljava/lang/String;ZLjava/util/jar/JarEntry;)Lsun/misc/Resource; 153 1 61 0 0
ciMethod sun/misc/URLClassPath$JarLoader validIndex (Ljava/lang/String;)Z 0 0 1 0 -1
ciMethod sun/misc/URLClassPath$JarLoader getResource (Ljava/lang/String;Z)Lsun/misc/Resource; 38945 1 8269 0 -1
ciMethod sun/misc/URLClassPath$JarLoader getResource (Ljava/lang/String;ZLjava/util/Set;)Lsun/misc/Resource; 0 0 40 0 0
ciMethod sun/misc/URLClassPath$Loader getBaseURL ()Ljava/net/URL; 609 1 62 0 -1
ciMethod java/util/zip/ZipFile getEntry (Ljava/lang/String;)Ljava/util/zip/ZipEntry; 313 1 10360 0 0
ciMethod java/util/zip/ZipFile getEntry (J[BZ)J 2049 1 256 0 -1
ciMethod java/util/zip/ZipFile freeEntry (JJ)V 2065 1 258 0 -1
ciMethod java/util/zip/ZipFile getZipEntry (Ljava/lang/String;J)Ljava/util/zip/ZipEntry; 945 1 814 0 0
ciMethod java/util/zip/ZipFile ensureOpen ()V 2049 1 5473 0 96
ciMethod java/util/zip/ZipFile getEntryTime (J)J 2057 1 257 0 -1
ciMethod java/util/zip/ZipFile getEntryCrc (J)J 2057 1 257 0 -1
ciMethod java/util/zip/ZipFile getEntryCSize (J)J 2049 1 256 0 -1
ciMethod java/util/zip/ZipFile getEntrySize (J)J 2049 1 256 0 -1
ciMethod java/util/zip/ZipFile getEntryMethod (J)I 2049 1 256 0 -1
ciMethod java/util/zip/ZipFile getEntryFlag (J)I 2057 1 257 0 -1
ciMethod java/util/zip/ZipFile getEntryBytes (JI)[B 2049 1 256 0 -1
ciMethod sun/misc/URLClassPath$JarLoader$1 <init> (Lsun/misc/URLClassPath$JarLoader;)V 657 1 777 0 0
ciMethod java/security/PrivilegedActionException getException ()Ljava/lang/Exception; 105 1 13 0 0
ciMethod java/util/jar/JarFile getJarEntry (Ljava/lang/String;)Ljava/util/jar/JarEntry; 313 1 7007 0 0
ciMethod java/util/jar/JarFile getEntry (Ljava/lang/String;)Ljava/util/zip/ZipEntry; 313 1 10296 0 0
ciMethod java/util/zip/ZipCoder toString ([BI)Ljava/lang/String; 1969 1 814 0 0
ciMethod java/util/zip/ZipCoder getBytes (Ljava/lang/String;)[B 2049 1 11407 0 0
ciMethod java/util/zip/ZipCoder toStringUTF8 ([BI)Ljava/lang/String; 0 0 1 0 0
ciMethod java/util/zip/ZipCoder isUTF8 ()Z 1025 1 128 0 0
ciMethod java/util/zip/ZipCoder <init> (Ljava/nio/charset/Charset;)V 2049 1 766 0 -1
ciMethod java/util/zip/ZipCoder decoder ()Ljava/nio/charset/CharsetDecoder; 2049 1 814 0 -1
ciMethod java/util/zip/ZipCoder encoder ()Ljava/nio/charset/CharsetEncoder; 2049 1 11802 0 0
ciMethod sun/misc/JarIndex get (Ljava/lang/String;)Ljava/util/LinkedList; 417 1 52 0 -1
ciMethod java/util/zip/ZipEntry <init> (Ljava/util/zip/ZipEntry;)V 177 1 816 0 0
ciMethod java/util/zip/ZipEntry <init> ()V 1969 1 814 0 0
ciMethod java/util/zip/ZipEntry setExtra0 ([BZ)V 1969 25 814 0 0
ciMethod java/util/jar/JarFile$JarFileEntry <init> (Ljava/util/jar/JarFile;Ljava/util/zip/ZipEntry;)V 177 1 814 0 0
ciMethod java/util/jar/JarEntry <init> (Ljava/util/zip/ZipEntry;)V 177 1 816 0 0
ciMethod sun/misc/URLClassPath$JarLoader$2 <init> (Lsun/misc/URLClassPath$JarLoader;Ljava/lang/String;Ljava/net/URL;Ljava/util/jar/JarEntry;)V 609 1 62 0 -1
ciMethod sun/misc/Resource <init> ()V 609 1 65 0 -1
ciMethodData sun/misc/URLClassPath$JarLoader getResource (Ljava/lang/String;Z)Lsun/misc/Resource; 2 8298 orig 264 104 147 126 93 0 0 0 0 80 25 29 236 247 1 0 0 224 2 0 0 40 1 0 0 0 0 0 0 0 0 0 0 0 0 0 0 0 0 0 0 0 0 0 0 0 0 0 0 0 0 0 0 0 0 0 0 0 0 0 0 0 0 0 0 0 0 0 0 0 0 0 0 0 0 0 0 0 0 0 0 77 68 79 32 101 120 116 114 97 32 100 97 116 97 32 108 111 99 107 0 0 0 0 0 0 0 0 0 0 0 0 0 0 0 0 0 0 0 0 0 0 0 0 0 0 0 0 0 0 0 0 0 0 0 0 0 0 0 0 0 0 0 0 0 0 0 0 0 0 0 0 0 0 0 0 0 0 0 0 0 0 0 0 0 0 0 0 0 0 0 0 0 0 0 0 0 0 0 0 0 0 0 0 0 0 0 0 0 0 0 0 0 0 0 0 0 0 0 0 0 0 0 0 0 0 0 0 0 0 0 0 0 0 0 0 0 4 1 0 0 17 190 0 0 1 0 0 0 0 0 0 0 0 0 0 0 2 0 0 0 0 0 13 0 2 0 0 0 136 1 0 0 255 255 255 255 7 0 4 0 0 0 0 0 data 49 0x40007 0x154b 0x70 0x277 0xc0005 0x0 0x1f7f17623b0 0x277 0x0 0x0 0xf0007 0x2 0x20 0x275 0x150002 0x154d 0x180003 0x154d 0x28 0x210002 0x0 0x2a0005 0x0 0x1f7f1762460 0x154d 0x0 0x0 0x2f0007 0x1523 0x50 0x2a 0x360005 0x0 0x1f7f1761d80 0x2a 0x0 0x0 0x3e0007 0x1c 0x20 0x1507 0x470002 0x1c 0x510005 0x0 0x1f7f1761d80 0x1c 0x0 0x0 oops 4 6 sun/misc/MetaIndex 23 java/util/jar/JarFile 33 sun/misc/URLClassPath$JarLoader 45 sun/misc/URLClassPath$JarLoader
ciMethodData sun/misc/MetaIndex mayContain (Ljava/lang/String;)Z 2 4082 orig 264 104 147 126 93 0 0 0 0 208 164 21 236 247 1 0 0 72 2 0 0 80 0 0 0 0 0 0 0 0 0 0 0 0 0 0 0 0 0 0 0 0 0 0 0 0 0 0 0 0 0 0 0 0 0 0 0 0 0 0 0 0 0 0 0 0 0 0 0 0 0 0 0 0 0 0 0 0 0 0 0 77 68 79 32 101 120 116 114 97 32 100 97 116 97 32 108 111 99 107 0 0 0 0 0 0 0 0 0 0 0 0 0 0 0 0 0 0 0 0 0 0 0 0 0 0 0 0 0 0 0 0 0 0 0 0 0 0 0 0 0 0 0 0 0 0 0 0 0 0 0 0 0 0 0 0 0 0 0 0 0 0 0 0 0 0 0 0 0 0 0 0 0 0 0 0 0 0 0 0 0 0 0 0 0 0 0 0 0 0 0 0 0 0 0 0 0 0 0 0 0 0 0 0 0 0 0 0 0 0 0 0 0 0 0 0 0 239 3 0 0 57 21 0 0 25 96 0 0 0 0 0 0 0 0 0 0 2 0 0 0 1 0 13 0 2 0 0 0 248 0 0 0 255 255 255 255 7 0 4 0 0 0 0 0 data 31 0x40007 0x1fa 0x70 0xad 0xa0005 0x25 0x1f7d8c8ba60 0x88 0x0 0x0 0xd0007 0x8a 0x20 0x23 0x1c0007 0x282 0x88 0xc05 0x230005 0x27d 0x1f7d8c8ba60 0x988 0x0 0x0 0x260007 0xc03 0x20 0x2 0x2e0003 0xc03 0xffffffffffffff90 oops 2 6 java/lang/String 20 java/lang/String
ciMethodData sun/misc/URLClassPath$JarLoader ensureOpen ()V 2 5477 orig 264 104 147 126 93 0 0 0 0 64 19 29 236 247 1 0 0 0 2 0 0 64 0 0 0 0 0 0 0 0 0 0 0 0 0 0 0 0 0 0 0 0 0 0 0 0 0 0 0 0 0 0 0 0 0 0 0 0 0 0 0 0 0 0 0 0 0 0 0 0 0 0 0 0 0 0 0 0 0 0 0 77 68 79 32 101 120 116 114 97 32 100 97 116 97 32 108 111 99 107 0 0 0 0 0 0 0 0 0 0 0 0 0 0 0 0 0 0 0 0 0 0 0 0 0 0 0 0 0 0 0 0 0 0 0 0 0 0 0 0 0 0 0 0 0 0 0 0 0 0 0 0 0 0 0 0 0 0 0 0 0 0 0 0 0 0 0 0 0 0 0 0 0 0 0 0 0 0 0 0 0 0 0 0 0 0 0 0 0 0 0 0 0 0 0 0 0 0 0 0 0 0 0 0 0 0 0 0 0 0 0 0 0 0 0 0 0 40 0 0 0 233 169 0 0 1 0 0 0 0 0 0 0 0 0 0 0 2 0 0 0 0 0 8 0 2 0 0 0 184 0 0 0 255 255 255 255 7 0 4 0 0 0 0 0 data 23 0x40007 0x1238 0xb8 0x305 0xc0002 0x305 0x130002 0x305 0x170003 0x2f9 0x78 0x1c0005 0x0 0x1f7f1923820 0xc 0x0 0x0 0x1f0004 0x0 0x1f7f1925460 0xc 0x0 0x0 oops 2 13 java/security/PrivilegedActionException 19 java/io/FileNotFoundException
ciMethodData java/util/jar/JarFile getJarEntry (Ljava/lang/String;)Ljava/util/jar/JarEntry; 2 7007 orig 264 104 147 126 93 0 0 0 0 200 29 30 236 247 1 0 0 176 1 0 0 0 0 0 0 0 0 0 0 0 0 0 0 0 0 0 0 0 0 0 0 0 0 0 0 0 0 0 0 0 0 0 0 0 0 0 0 0 0 0 0 0 0 0 0 0 0 0 0 0 0 0 0 0 0 0 0 0 0 0 0 77 68 79 32 101 120 116 114 97 32 100 97 116 97 32 108 111 99 107 0 0 0 0 0 0 0 0 0 0 0 0 0 0 0 0 0 0 0 0 0 0 0 0 0 0 0 0 0 0 0 0 0 0 0 0 0 0 0 0 0 0 0 0 0 0 0 0 0 0 0 0 0 0 0 0 0 0 0 0 0 0 0 0 0 0 0 0 0 0 0 0 0 0 0 0 0 0 0 0 0 0 0 0 0 0 0 0 0 0 0 0 0 0 0 0 0 0 0 0 0 0 0 0 0 0 0 0 0 0 0 0 0 0 0 0 0 39 0 0 0 193 217 0 0 1 0 0 0 0 0 0 0 0 0 0 0 2 0 0 0 0 0 6 0 2 0 0 0 96 0 0 0 255 255 255 255 5 0 2 0 0 0 0 0 data 12 0x20005 0x0 0x1f7f1762460 0x1b38 0x0 0x0 0x50104 0x0 0x1f7f1928940 0x315 0x0 0x0 oops 2 2 java/util/jar/JarFile 8 java/util/jar/JarFile$JarFileEntry
ciMethodData java/util/jar/JarFile getEntry (Ljava/lang/String;)Ljava/util/zip/ZipEntry; 2 10407 orig 264 104 147 126 93 0 0 0 0 112 30 30 236 247 1 0 0 104 1 0 0 0 0 0 0 0 0 0 0 0 0 0 0 0 0 0 0 0 0 0 0 0 0 0 0 0 0 0 0 0 0 0 0 0 0 0 0 0 0 0 0 0 0 0 0 0 0 0 0 0 0 0 0 0 0 0 0 0 0 0 0 77 68 79 32 101 120 116 114 97 32 100 97 116 97 32 108 111 99 107 0 0 0 0 0 0 0 0 0 0 0 0 0 0 0 0 0 0 0 0 0 0 0 0 0 0 0 0 0 0 0 0 0 0 0 0 0 0 0 0 0 0 0 0 0 0 0 0 0 0 0 0 0 0 0 0 0 0 0 0 0 0 0 0 0 0 0 0 0 0 0 0 0 0 0 0 0 0 0 0 0 0 0 0 0 0 0 0 0 0 0 0 0 0 0 0 0 0 0 0 0 0 0 0 0 0 0 0 0 0 0 0 0 0 0 0 0 39 0 0 0 249 67 1 0 1 0 0 0 0 0 0 0 0 0 0 0 2 0 0 0 0 0 5 0 2 0 0 0 64 0 0 0 255 255 255 255 2 0 2 0 0 0 0 0 data 8 0x20002 0x287f 0x70007 0x2566 0x30 0x318 0x100002 0x318 oops 0
ciMethodData java/util/zip/ZipFile getEntry (Ljava/lang/String;)Ljava/util/zip/ZipEntry; 2 10625 orig 264 104 147 126 93 0 0 0 0 168 99 29 236 247 1 0 0 112 2 0 0 232 0 0 0 0 0 0 0 0 0 0 0 0 0 0 0 0 0 0 0 0 0 0 0 0 0 0 0 0 0 0 0 0 0 0 0 0 0 0 0 0 0 0 0 0 0 0 0 0 0 0 0 0 0 0 0 0 0 0 0 77 68 79 32 101 120 116 114 97 32 100 97 116 97 32 108 111 99 107 0 0 0 0 0 0 0 0 0 0 0 0 0 0 0 0 0 0 0 0 0 0 0 0 0 0 0 0 0 0 0 0 0 0 0 0 0 0 0 0 0 0 0 0 0 0 0 0 0 0 0 0 0 0 0 0 0 0 0 0 0 0 0 0 0 0 0 0 0 0 0 0 0 0 0 0 0 0 0 0 0 0 0 0 0 0 0 0 0 0 0 0 0 0 0 0 0 0 0 0 0 0 0 0 0 0 0 0 0 0 0 0 0 0 0 0 0 39 0 0 0 193 74 1 0 1 0 0 0 0 0 0 0 0 0 0 0 2 0 0 0 0 0 15 0 2 0 0 0 32 1 0 0 255 255 255 255 7 0 1 0 0 0 0 0 data 36 0x10007 0x2958 0x30 0x0 0xa0002 0x0 0x160002 0x2958 0x220005 0x102 0x1f7f1a6aca0 0x2856 0x0 0x0 0x260002 0x2957 0x2d0007 0x263f 0x88 0x318 0x330007 0x0 0x48 0x318 0x390002 0x318 0x3c0003 0x318 0x28 0x420002 0x0 0x4c0002 0x318 0x580003 0x263f 0x18 oops 1 10 java/util/zip/ZipCoder
ciMethodData java/util/jar/JarFile$JarFileEntry <init> (Ljava/util/jar/JarFile;Ljava/util/zip/ZipEntry;)V 1 814 orig 264 104 147 126 93 0 0 0 0 80 68 32 236 247 1 0 0 64 1 0 0 0 0 0 0 0 0 0 0 0 0 0 0 0 0 0 0 0 0 0 0 0 0 0 0 0 0 0 0 0 0 0 0 0 0 0 0 0 0 0 0 0 0 0 0 0 0 0 0 0 0 0 0 0 0 0 0 0 0 0 0 77 68 79 32 101 120 116 114 97 32 100 97 116 97 32 108 111 99 107 0 0 0 0 0 0 0 0 0 0 0 0 0 0 0 0 0 0 0 0 0 0 0 0 0 0 0 0 0 0 0 0 0 0 0 0 0 0 0 0 0 0 0 0 0 0 0 0 0 0 0 0 0 0 0 0 0 0 0 0 0 0 0 0 0 0 0 0 0 0 0 0 0 0 0 0 0 0 0 0 0 0 0 0 0 0 0 0 0 0 0 0 0 0 0 0 0 0 0 0 0 0 0 0 0 0 0 0 0 0 0 0 0 0 0 0 0 22 0 0 0 193 24 0 0 1 0 0 0 0 0 0 0 0 0 0 0 2 0 0 0 0 0 0 0 0 0 0 0 16 0 0 0 255 255 255 255 2 0 7 0 0 0 0 0 data 2 0x70002 0x318 oops 0
ciMethodData java/util/jar/JarEntry <init> (Ljava/util/zip/ZipEntry;)V 1 816 orig 264 104 147 126 93 0 0 0 0 160 74 32 236 247 1 0 0 56 1 0 0 0 0 0 0 0 0 0 0 0 0 0 0 0 0 0 0 0 0 0 0 0 0 0 0 0 0 0 0 0 0 0 0 0 0 0 0 0 0 0 0 0 0 0 0 0 0 0 0 0 0 0 0 0 0 0 0 0 0 0 0 77 68 79 32 101 120 116 114 97 32 100 97 116 97 32 108 111 99 107 0 0 0 0 0 0 0 0 0 0 0 0 0 0 0 0 0 0 0 0 0 0 0 0 0 0 0 0 0 0 0 0 0 0 0 0 0 0 0 0 0 0 0 0 0 0 0 0 0 0 0 0 0 0 0 0 0 0 0 0 0 0 0 0 0 0 0 0 0 0 0 0 0 0 0 0 0 0 0 0 0 0 0 0 0 0 0 0 0 0 0 0 0 0 0 0 0 0 0 0 0 0 0 0 0 0 0 0 0 0 0 0 0 0 0 0 0 22 0 0 0 209 24 0 0 1 0 0 0 0 0 0 0 0 0 0 0 2 0 0 0 0 0 0 0 0 0 0 0 16 0 0 0 255 255 255 255 2 0 2 0 0 0 0 0 data 2 0x20002 0x31a oops 0
ciMethodData java/util/zip/ZipEntry <init> (Ljava/util/zip/ZipEntry;)V 1 816 orig 264 104 147 126 93 0 0 0 0 224 38 32 236 247 1 0 0 112 1 0 0 0 0 0 0 0 0 0 0 0 0 0 0 0 0 0 0 0 0 0 0 0 0 0 0 0 0 0 0 0 0 0 0 0 0 0 0 0 0 0 0 0 0 0 0 0 0 0 0 0 0 0 0 0 0 0 0 0 0 0 0 77 68 79 32 101 120 116 114 97 32 100 97 116 97 32 108 111 99 107 0 0 0 0 0 0 0 0 0 0 0 0 0 0 0 0 0 0 0 0 0 0 0 0 0 0 0 0 0 0 0 0 0 0 0 0 0 0 0 0 0 0 0 0 0 0 0 0 0 0 0 0 0 0 0 0 0 0 0 0 0 0 0 0 0 0 0 0 0 0 0 0 0 0 0 0 0 0 0 0 0 0 0 0 0 0 0 0 0 0 0 0 0 0 0 0 0 0 0 0 0 0 0 0 0 0 0 0 0 0 0 0 0 0 0 0 0 22 0 0 0 209 24 0 0 1 0 0 0 0 0 0 0 0 0 0 0 2 0 0 0 0 0 6 0 2 0 0 0 32 0 0 0 255 255 255 255 2 0 1 0 0 0 0 0 data 4 0x10002 0x31a 0x2d0002 0x31a oops 0
ciMethodData sun/misc/URLClassPath$JarLoader checkResource (Ljava/lang/String;ZLjava/util/jar/JarEntry;)Lsun/misc/Resource; 1 65 orig 264 104 147 126 93 0 0 0 0 176 22 29 236 247 1 0 0 8 2 0 0 128 0 0 0 0 0 0 0 0 0 0 0 0 0 0 0 0 0 0 0 0 0 0 0 0 0 0 0 0 0 0 0 0 0 0 0 0 0 0 0 0 0 0 0 0 0 0 0 0 0 0 0 0 0 0 0 0 0 0 0 77 68 79 32 101 120 116 114 97 32 100 97 116 97 32 108 111 99 107 0 0 0 0 0 0 0 0 0 0 0 0 0 0 0 0 0 0 0 0 0 0 0 0 0 0 0 0 0 0 0 0 0 0 0 0 0 0 0 0 0 0 0 0 0 0 0 0 0 0 0 0 0 0 0 0 0 0 0 0 0 0 0 0 0 0 0 0 0 0 0 0 0 0 0 0 0 0 0 0 0 0 0 0 0 0 0 0 0 0 0 0 0 0 0 0 0 0 0 0 0 0 0 0 0 0 0 0 0 0 0 0 0 0 0 0 0 19 0 0 0 113 1 0 0 1 0 0 0 0 0 0 0 0 0 0 0 2 0 0 0 0 0 0 0 0 0 0 0 168 0 0 0 255 255 255 255 5 0 5 0 0 0 0 0 data 21 0x50005 0x0 0x1f7f1761d80 0x2e 0x0 0x0 0xa0002 0x2e 0xd0002 0x2e 0x130007 0x2c 0x30 0x2 0x180002 0x2 0x1b0003 0x2e 0x18 0x330002 0x2e oops 1 2 sun/misc/URLClassPath$JarLoader
ciMethodData java/util/HashSet <init> ()V 1 31 orig 264 104 147 126 93 0 0 0 0 80 157 25 236 247 1 0 0 64 1 0 0 0 0 0 0 0 0 0 0 0 0 0 0 0 0 0 0 0 0 0 0 0 0 0 0 0 0 0 0 0 0 0 0 0 0 0 0 0 0 0 0 0 0 0 0 0 0 0 0 0 0 0 0 0 0 0 0 0 0 0 0 77 68 79 32 101 120 116 114 97 32 100 97 116 97 32 108 111 99 107 0 0 0 0 0 0 0 0 0 0 0 0 0 0 0 0 0 0 0 0 0 0 0 0 0 0 0 0 0 0 0 0 0 0 0 0 0 0 0 0 0 0 0 0 0 0 0 0 0 0 0 0 0 0 0 0 0 0 0 0 0 0 0 0 0 0 0 0 0 0 0 0 0 0 0 0 0 0 0 0 0 0 0 0 0 0 0 0 0 0 0 0 0 0 0 0 0 0 0 0 0 0 0 0 0 0 0 0 0 0 0 0 0 0 0 0 0 2 0 0 0 233 0 0 0 1 0 0 0 0 0 0 0 0 0 0 0 2 0 0 0 0 0 0 0 0 0 0 0 32 0 0 0 255 255 255 255 2 0 1 0 0 0 0 0 data 4 0x10002 0x1d 0x90002 0x1d oops 0
ciMethodData java/util/AbstractSet <init> ()V 1 42 orig 264 104 147 126 93 0 0 0 0 64 189 8 236 247 1 0 0 48 1 0 0 0 0 0 0 0 0 0 0 0 0 0 0 0 0 0 0 0 0 0 0 0 0 0 0 0 0 0 0 0 0 0 0 0 0 0 0 0 0 0 0 0 0 0 0 0 0 0 0 0 0 0 0 0 0 0 0 0 0 0 0 77 68 79 32 101 120 116 114 97 32 100 97 116 97 32 108 111 99 107 0 0 0 0 0 0 0 0 0 0 0 0 0 0 0 0 0 0 0 0 0 0 0 0 0 0 0 0 0 0 0 0 0 0 0 0 0 0 0 0 0 0 0 0 0 0 0 0 0 0 0 0 0 0 0 0 0 0 0 0 0 0 0 0 0 0 0 0 0 0 0 0 0 0 0 0 0 0 0 0 0 0 0 0 0 0 0 0 0 0 0 0 0 0 0 0 0 0 0 0 0 0 0 0 0 0 0 0 0 0 0 0 0 0 0 0 0 8 0 0 0 17 1 0 0 1 0 0 0 0 0 0 0 0 0 0 0 2 0 0 0 0 0 0 0 0 0 0 0 16 0 0 0 255 255 255 255 2 0 1 0 0 0 0 0 data 2 0x10002 0x22 oops 0
ciMethodData java/util/AbstractCollection <init> ()V 2 1261 orig 264 104 147 126 93 0 0 0 0 0 137 7 236 247 1 0 0 48 1 0 0 0 0 0 0 0 0 0 0 0 0 0 0 0 0 0 0 0 0 0 0 0 0 0 0 0 0 0 0 0 0 0 0 0 0 0 0 0 0 0 0 0 0 0 0 0 0 0 0 0 0 0 0 0 0 0 0 0 0 0 0 77 68 79 32 101 120 116 114 97 32 100 97 116 97 32 108 111 99 107 0 0 0 0 0 0 0 0 0 0 0 0 0 0 0 0 0 0 0 0 0 0 0 0 0 0 0 0 0 0 0 0 0 0 0 0 0 0 0 0 0 0 0 0 0 0 0 0 0 0 0 0 0 0 0 0 0 0 0 0 0 0 0 0 0 0 0 0 0 0 0 0 0 0 0 0 0 0 0 0 0 0 0 0 0 0 0 0 0 0 0 0 0 0 0 0 0 0 0 0 0 0 0 0 0 0 0 0 0 0 0 0 0 0 0 0 0 32 0 0 0 105 38 0 0 1 0 0 0 0 0 0 0 0 0 0 0 2 0 0 0 0 0 3 0 2 0 0 0 16 0 0 0 255 255 255 255 2 0 1 0 0 0 0 0 data 2 0x10002 0x4cd oops 0
ciMethodData java/util/HashMap <init> ()V 1 196 orig 264 104 147 126 93 0 0 0 0 168 161 9 236 247 1 0 0 48 1 0 0 0 0 0 0 0 0 0 0 0 0 0 0 0 0 0 0 0 0 0 0 0 0 0 0 0 0 0 0 0 0 0 0 0 0 0 0 0 0 0 0 0 0 0 0 0 0 0 0 0 0 0 0 0 0 0 0 0 0 0 0 77 68 79 32 101 120 116 114 97 32 100 97 116 97 32 108 111 99 107 0 0 0 0 0 0 0 0 0 0 0 0 0 0 0 0 0 0 0 0 0 0 0 0 0 0 0 0 0 0 0 0 0 0 0 0 0 0 0 0 0 0 0 0 0 0 0 0 0 0 0 0 0 0 0 0 0 0 0 0 0 0 0 0 0 0 0 0 0 0 0 0 0 0 0 0 0 0 0 0 0 0 0 0 0 0 0 0 0 0 0 0 0 0 0 0 0 0 0 0 0 0 0 0 0 0 0 0 0 0 0 0 0 0 0 0 0 15 0 0 0 169 5 0 0 1 0 0 0 0 0 0 0 0 0 0 0 2 0 0 0 0 0 0 0 0 0 0 0 16 0 0 0 255 255 255 255 2 0 1 0 0 0 0 0 data 2 0x10002 0xb5 oops 0
ciMethodData java/util/AbstractMap <init> ()V 2 1108 orig 264 104 147 126 93 0 0 0 0 24 242 8 236 247 1 0 0 48 1 0 0 0 0 0 0 0 0 0 0 0 0 0 0 0 0 0 0 0 0 0 0 0 0 0 0 0 0 0 0 0 0 0 0 0 0 0 0 0 0 0 0 0 0 0 0 0 0 0 0 0 0 0 0 0 0 0 0 0 0 0 0 77 68 79 32 101 120 116 114 97 32 100 97 116 97 32 108 111 99 107 0 0 0 0 0 0 0 0 0 0 0 0 0 0 0 0 0 0 0 0 0 0 0 0 0 0 0 0 0 0 0 0 0 0 0 0 0 0 0 0 0 0 0 0 0 0 0 0 0 0 0 0 0 0 0 0 0 0 0 0 0 0 0 0 0 0 0 0 0 0 0 0 0 0 0 0 0 0 0 0 0 0 0 0 0 0 0 0 0 0 0 0 0 0 0 0 0 0 0 0 0 0 0 0 0 0 0 0 0 0 0 0 0 0 0 0 0 50 0 0 0 17 33 0 0 1 0 0 0 0 0 0 0 0 0 0 0 2 0 0 0 0 0 3 0 2 0 0 0 16 0 0 0 255 255 255 255 2 0 1 0 0 0 0 0 data 2 0x10002 0x422 oops 0
ciMethodData sun/misc/URLClassPath$JarLoader getResource (Ljava/lang/String;ZLjava/util/Set;)Lsun/misc/Resource; 1 52 orig 264 104 147 126 93 0 0 0 0 144 27 29 236 247 1 0 0 32 8 0 0 48 0 0 0 0 0 0 0 0 0 0 0 0 0 0 0 0 0 0 0 0 0 0 0 0 0 0 0 0 0 0 0 0 0 0 0 0 0 0 0 0 0 0 0 0 0 0 0 0 0 0 0 0 0 0 0 0 0 0 0 77 68 79 32 101 120 116 114 97 32 100 97 116 97 32 108 111 99 107 0 0 0 0 0 0 0 0 0 0 0 0 0 0 0 0 0 0 0 0 0 0 0 0 0 0 0 0 0 0 0 0 0 0 0 0 0 0 0 0 0 0 0 0 0 0 0 0 0 0 0 0 0 0 0 0 0 0 0 0 0 0 0 0 0 0 0 0 0 0 0 0 0 0 0 0 0 0 0 0 0 0 0 0 0 0 0 0 0 0 0 0 0 0 0 0 0 0 0 0 0 0 0 0 0 0 0 0 0 0 0 0 0 0 0 0 0 0 0 0 0 161 1 0 0 1 0 0 0 0 0 0 0 0 0 0 0 2 0 0 0 0 0 0 0 0 0 0 0 192 6 0 0 255 255 255 255 5 0 11 0 0 0 0 0 data 216 0xb0005 0x0 0x1f7f1766110 0x34 0x0 0x0 0x110007 0x0 0x20 0x34 0x180005 0x0 0x0 0x0 0x0 0x0 0x240005 0x0 0x0 0x0 0x0 0x0 0x270004 0x0 0x0 0x0 0x0 0x0 0x300007 0x0 0x560 0x0 0x470002 0x0 0x4e0002 0x0 0x590005 0x0 0x0 0x0 0x0 0x0 0x5c0004 0x0 0x0 0x0 0x0 0x0 0x620007 0x0 0x1b8 0x0 0x6c0002 0x0 0x730002 0x0 0x760004 0x0 0x0 0x0 0x0 0x0 0x7d0005 0x0 0x0 0x0 0x0 0x0 0x840007 0x0 0xe8 0x0 0x8b0005 0x0 0x0 0x0 0x0 0x0 0x990007 0x0 0x38 0x0 0x9d0003 0x0 0x48 0xa70005 0x0 0x0 0x0 0x0 0x0 0xaa0005 0x0 0x0 0x0 0x0 0x0 0xb50005 0x0 0x0 0x0 0x0 0x0 0xb90003 0x0 0x48 0xbe0003 0x0 0xfffffffffffffd90 0xc30003 0x0 0xfffffffffffffd78 0xc90002 0x0 0xcc0005 0x0 0x0 0x0 0x0 0x0 0xd10007 0x0 0x38 0x0 0xd50003 0x0 0x18 0xdd0007 0x0 0x138 0x0 0xe20002 0x0 0xe50003 0x0 0x28 0xf00002 0x0 0xfa0005 0x0 0x0 0x0 0x0 0x0 0x1010007 0x0 0x50 0x0 0x10a0005 0x0 0x0 0x0 0x0 0x0 0x1110005 0x0 0x0 0x0 0x0 0x0 0x1140007 0x0 0x30 0x0 0x11d0002 0x0 0x1230007 0x0 0xfffffffffffffbb0 0x0 0x1290007 0x0 0xfffffffffffffb90 0x0 0x12e0005 0x0 0x0 0x0 0x0 0x0 0x1310007 0x0 0x38 0x0 0x1340003 0x0 0xfffffffffffffb20 0x13c0005 0x0 0x0 0x0 0x0 0x0 0x1420007 0x0 0x20 0x0 0x1480003 0x0 0xfffffffffffffab8 0x1500005 0x0 0x0 0x0 0x0 0x0 0x1590005 0x0 0x0 0x0 0x0 0x0 0x15c0007 0x0 0xfffffffffffff9b0 0x0 oops 1 2 sun/misc/JarIndex
ciMethod java/util/LinkedList size ()I 0 0 1 0 -1
ciMethod java/util/LinkedList toArray ([Ljava/lang/Object;)[Ljava/lang/Object; 0 0 1 0 -1
ciMethodData sun/nio/cs/UTF_8$Encoder encode ([CII[B)I 2 21613 orig 264 104 147 126 93 0 0 0 0 184 134 17 236 247 1 0 0 168 3 0 0 80 0 0 0 0 0 0 0 0 0 0 0 0 0 0 0 0 0 0 0 0 0 0 0 0 0 0 0 0 0 0 0 0 0 0 0 0 0 0 0 0 0 0 0 0 0 0 0 0 0 0 0 0 0 0 0 0 0 0 0 77 68 79 32 101 120 116 114 97 32 100 97 116 97 32 108 111 99 107 0 0 0 0 0 0 0 0 0 0 0 0 0 0 0 0 0 0 0 0 0 0 0 0 0 0 0 0 0 0 0 0 0 0 0 0 0 0 0 0 0 0 0 0 0 0 0 0 0 0 0 0 0 0 0 0 0 0 0 0 0 0 0 0 0 0 0 0 0 0 0 0 0 0 0 0 0 0 0 0 0 0 0 0 0 0 0 0 0 0 0 0 0 0 0 0 0 0 0 0 0 0 0 0 0 0 0 0 0 0 0 0 0 0 0 0 0 35 20 0 0 81 21 0 0 81 2 2 0 0 0 0 0 0 0 0 0 2 0 0 0 2 0 37 0 2 0 0 0 64 2 0 0 255 255 255 255 2 0 14 0 0 0 0 0 data 72 0xe0002 0x2aa 0x180007 0x2aa 0x58 0x404a 0x210007 0x0 0x38 0x404a 0x330003 0x404a 0xffffffffffffffc0 0x390007 0x2aa 0x1d8 0x0 0x490007 0x0 0x38 0x0 0x570003 0x0 0x180 0x5f0007 0x0 0x38 0x0 0x860003 0x0 0x148 0x8b0002 0x0 0x8e0007 0x0 0x120 0x0 0x950007 0x0 0x30 0x0 0x9d0002 0x0 0xaf0005 0x0 0x0 0x0 0x0 0x0 0xb60007 0x0 0x88 0x0 0xba0005 0x0 0x0 0x0 0x0 0x0 0xc00007 0x0 0x20 0x0 0xd10003 0x0 0x18 0x1250003 0x0 0x18 0x1610003 0x0 0xfffffffffffffe40 oops 0
ciMethodData java/util/Arrays copyOf ([BI)[B 2 14758 orig 264 104 147 126 93 0 0 0 0 128 172 12 236 247 1 0 0 112 1 0 0 0 0 0 0 0 0 0 0 0 0 0 0 0 0 0 0 0 0 0 0 0 0 0 0 0 0 0 0 0 0 0 0 0 0 0 0 0 0 0 0 0 0 0 0 0 0 0 0 0 0 0 0 0 0 0 0 0 0 0 0 77 68 79 32 101 120 116 114 97 32 100 97 116 97 32 108 111 99 107 0 0 0 0 0 0 0 0 0 0 0 0 0 0 0 0 0 0 0 0 0 0 0 0 0 0 0 0 0 0 0 0 0 0 0 0 0 0 0 0 0 0 0 0 0 0 0 0 0 0 0 0 0 0 0 0 0 0 0 0 0 0 0 0 0 0 0 0 0 0 0 0 0 0 0 0 0 0 0 0 0 0 0 0 0 0 0 0 0 0 0 0 0 0 0 0 0 0 0 0 0 0 0 0 0 0 0 0 0 0 0 0 0 0 0 0 0 2 1 0 0 33 197 1 0 1 0 0 0 0 0 0 0 0 0 0 0 2 0 0 0 0 0 7 0 2 0 0 0 32 0 0 0 255 255 255 255 2 0 11 0 0 0 0 0 data 4 0xb0002 0x38a4 0xe0002 0x38a4 oops 0
ciMethod java/util/zip/ZipUtils winTimeToFileTime (J)Ljava/nio/file/attribute/FileTime; 0 0 1 0 -1
ciMethod java/util/zip/ZipUtils unixTimeToFileTime (J)Ljava/nio/file/attribute/FileTime; 49 1 6 0 -1
ciMethod java/util/zip/ZipUtils get16 ([BI)I 193 1 24 0 -1
ciMethod java/util/zip/ZipUtils get32 ([BI)J 49 1 6 0 -1
ciMethod java/util/zip/ZipUtils get64 ([BI)J 0 0 1 0 -1
ciMethodData java/nio/charset/CharsetEncoder maxBytesPerChar ()F 2 12931 orig 264 104 147 126 93 0 0 0 0 192 160 17 236 247 1 0 0 32 1 0 0 0 0 0 0 0 0 0 0 0 0 0 0 0 0 0 0 0 0 0 0 0 0 0 0 0 0 0 0 0 0 0 0 0 0 0 0 0 0 0 0 0 0 0 0 0 0 0 0 0 0 0 0 0 0 0 0 0 0 0 0 77 68 79 32 101 120 116 114 97 32 100 97 116 97 32 108 111 99 107 0 0 0 0 0 0 0 0 0 0 0 0 0 0 0 0 0 0 0 0 0 0 0 0 0 0 0 0 0 0 0 0 0 0 0 0 0 0 0 0 0 0 0 0 0 0 0 0 0 0 0 0 0 0 0 0 0 0 0 0 0 0 0 0 0 0 0 0 0 0 0 0 0 0 0 0 0 0 0 0 0 0 0 0 0 0 0 0 0 0 0 0 0 0 0 0 0 0 0 0 0 0 0 0 0 0 0 0 0 0 0 0 0 0 0 0 0 1 1 0 0 17 140 1 0 1 0 0 0 0 0 0 0 0 0 0 0 2 0 0 0 0 0 3 0 1 0 0 0 0 0 0 0 255 255 255 255 0 0 0 0 0 0 0 0 data 0 oops 0
ciMethodData java/util/zip/ZipFile ensureOpen ()V 2 5473 orig 264 104 147 126 93 0 0 0 0 8 113 29 236 247 1 0 0 128 1 0 0 32 0 0 0 0 0 0 0 0 0 0 0 0 0 0 0 0 0 0 0 0 0 0 0 0 0 0 0 0 0 0 0 0 0 0 0 0 0 0 0 0 0 0 0 0 0 0 0 0 0 0 0 0 0 0 0 0 0 0 0 77 68 79 32 101 120 116 114 97 32 100 97 116 97 32 108 111 99 107 0 0 0 0 0 0 0 0 0 0 0 0 0 0 0 0 0 0 0 0 0 0 0 0 0 0 0 0 0 0 0 0 0 0 0 0 0 0 0 0 0 0 0 0 0 0 0 0 0 0 0 0 0 0 0 0 0 0 0 0 0 0 0 0 0 0 0 0 0 0 0 0 0 0 0 0 0 0 0 0 0 0 0 0 0 0 0 0 0 0 0 0 0 0 0 0 0 0 0 0 0 0 0 0 0 0 0 0 0 0 0 0 0 0 0 0 0 0 1 0 0 9 163 0 0 1 0 0 0 0 0 0 0 0 0 0 0 2 0 0 0 0 0 7 0 2 0 0 0 96 0 0 0 255 255 255 255 7 0 4 0 0 0 0 0 data 12 0x40007 0x1461 0x30 0x0 0xd0002 0x0 0x170007 0x1461 0x30 0x0 0x200002 0x0 oops 0
ciMethodData java/util/zip/ZipCoder getBytes (Ljava/lang/String;)[B 2 11908 orig 264 104 147 126 93 0 0 0 0 104 224 30 236 247 1 0 0 80 5 0 0 160 3 0 0 0 0 0 0 0 0 0 0 0 0 0 0 0 0 0 0 0 0 0 0 0 0 0 0 0 0 0 0 0 0 0 0 0 0 0 0 0 0 0 0 0 0 0 0 0 0 0 0 0 0 0 0 0 0 0 0 77 68 79 32 101 120 116 114 97 32 100 97 116 97 32 108 111 99 107 0 0 0 0 0 0 0 0 0 0 0 0 0 0 0 0 0 0 0 0 0 0 0 0 0 0 0 0 0 0 0 0 0 0 0 0 0 0 0 0 0 0 0 0 0 0 0 0 0 0 0 0 0 0 0 0 0 0 0 0 0 0 0 0 0 0 0 0 0 0 0 0 0 0 0 0 0 0 0 0 0 0 0 0 0 0 0 0 0 0 0 0 0 0 0 0 0 0 0 0 0 0 0 0 0 0 0 0 0 0 0 0 0 0 0 0 0 0 1 0 0 193 107 1 0 1 0 0 0 0 0 0 0 0 0 0 0 2 0 0 0 0 0 52 0 2 0 0 0 0 4 0 0 255 255 255 255 2 0 1 0 0 0 0 0 data 128 0x10002 0x2d80 0x40005 0x0 0x1f7f1ab0010 0x2d80 0x0 0x0 0x90005 0x0 0x1f7d8c8ba60 0x2d80 0x0 0x0 0x110005 0x0 0x1f7f1ab0010 0x2d80 0x0 0x0 0x200007 0x2d80 0x20 0x0 0x2a0007 0x0 0x110 0x2d80 0x2e0004 0x0 0x1f7f1ab0010 0x2d80 0x0 0x0 0x310007 0x0 0xc0 0x2d80 0x350004 0x0 0x1f7f1ab0010 0x2d7f 0x0 0x0 0x3e0005 0x0 0x1f7f1ab0010 0x2d7f 0x0 0x0 0x480007 0x2d7f 0x30 0x0 0x510002 0x0 0x590002 0x2d7f 0x5f0002 0x0 0x650002 0x0 0x700005 0x0 0x0 0x0 0x0 0x0 0x770005 0x0 0x0 0x0 0x0 0x0 0x7a0007 0x0 0x60 0x0 0x830005 0x0 0x0 0x0 0x0 0x0 0x860002 0x0 0x8d0005 0x0 0x0 0x0 0x0 0x0 0x940005 0x0 0x0 0x0 0x0 0x0 0x970007 0x0 0x60 0x0 0xa00005 0x0 0x0 0x0 0x0 0x0 0xa30002 0x0 0xa90005 0x0 0x0 0x0 0x0 0x0 0xaf0007 0x0 0x20 0x0 0xb90005 0x0 0x0 0x0 0x0 0x0 0xbc0002 0x0 oops 6 4 sun/nio/cs/UTF_8$Encoder 10 java/lang/String 16 sun/nio/cs/UTF_8$Encoder 30 sun/nio/cs/UTF_8$Encoder 40 sun/nio/cs/UTF_8$Encoder 46 sun/nio/cs/UTF_8$Encoder
ciMethodData java/nio/charset/CharsetEncoder reset ()Ljava/nio/charset/CharsetEncoder; 2 12146 orig 264 104 147 126 93 0 0 0 0 160 164 17 236 247 1 0 0 120 1 0 0 0 0 0 0 0 0 0 0 0 0 0 0 0 0 0 0 0 0 0 0 0 0 0 0 0 0 0 0 0 0 0 0 0 0 0 0 0 0 0 0 0 0 0 0 0 0 0 0 0 0 0 0 0 0 0 0 0 0 0 0 77 68 79 32 101 120 116 114 97 32 100 97 116 97 32 108 111 99 107 0 0 0 0 0 0 0 0 0 0 0 0 0 0 0 0 0 0 0 0 0 0 0 0 0 0 0 0 0 0 0 0 0 0 0 0 0 0 0 0 0 0 0 0 0 0 0 0 0 0 0 0 0 0 0 0 0 0 0 0 0 0 0 0 0 0 0 0 0 0 0 0 0 0 0 0 0 0 0 0 0 0 0 0 0 0 0 0 0 0 0 0 0 0 0 0 0 0 0 0 0 0 0 0 0 0 0 0 0 0 0 0 0 0 0 0 0 0 1 0 0 145 115 1 0 1 0 0 0 0 0 0 0 0 0 0 0 2 0 0 0 0 0 3 0 2 0 0 0 48 0 0 0 255 255 255 255 5 0 1 0 0 0 0 0 data 6 0x10005 0x0 0x1f7f1ab0010 0x2e72 0x0 0x0 oops 1 2 sun/nio/cs/UTF_8$Encoder
ciMethodData java/util/zip/ZipCoder encoder ()Ljava/nio/charset/CharsetEncoder; 2 11986 orig 264 104 147 126 93 0 0 0 0 56 229 30 236 247 1 0 0 248 1 0 0 0 0 0 0 0 0 0 0 0 0 0 0 0 0 0 0 0 0 0 0 0 0 0 0 0 0 0 0 0 0 0 0 0 0 0 0 0 0 0 0 0 0 0 0 0 0 0 0 0 0 0 0 0 0 0 0 0 0 0 0 77 68 79 32 101 120 116 114 97 32 100 97 116 97 32 108 111 99 107 0 0 0 0 0 0 0 0 0 0 0 0 0 0 0 0 0 0 0 0 0 0 0 0 0 0 0 0 0 0 0 0 0 0 0 0 0 0 0 0 0 0 0 0 0 0 0 0 0 0 0 0 0 0 0 0 0 0 0 0 0 0 0 0 0 0 0 0 0 0 0 0 0 0 0 0 0 0 0 0 0 0 0 0 0 0 0 0 0 0 0 0 0 0 0 0 0 0 0 0 0 0 0 0 0 0 0 0 0 0 0 0 0 0 0 0 0 0 1 0 0 113 110 1 0 1 0 0 0 0 0 0 0 0 0 0 0 2 0 0 0 0 0 10 0 2 0 0 0 176 0 0 0 255 255 255 255 7 0 4 0 0 0 0 0 data 22 0x40007 0x2af1 0xb0 0x2df 0xc0005 0x0 0x1f7f199d0e0 0x2df 0x0 0x0 0x120005 0x0 0x1f7f1ab0010 0x2df 0x0 0x0 0x180005 0x0 0x1f7f1ab0010 0x2df 0x0 0x0 oops 3 6 sun/nio/cs/UTF_8 12 sun/nio/cs/UTF_8$Encoder 18 sun/nio/cs/UTF_8$Encoder
ciMethodData java/nio/charset/CharsetEncoder implReset ()V 2 12146 orig 264 104 147 126 93 0 0 0 0 48 165 17 236 247 1 0 0 32 1 0 0 0 0 0 0 0 0 0 0 0 0 0 0 0 0 0 0 0 0 0 0 0 0 0 0 0 0 0 0 0 0 0 0 0 0 0 0 0 0 0 0 0 0 0 0 0 0 0 0 0 0 0 0 0 0 0 0 0 0 0 0 77 68 79 32 101 120 116 114 97 32 100 97 116 97 32 108 111 99 107 0 0 0 0 0 0 0 0 0 0 0 0 0 0 0 0 0 0 0 0 0 0 0 0 0 0 0 0 0 0 0 0 0 0 0 0 0 0 0 0 0 0 0 0 0 0 0 0 0 0 0 0 0 0 0 0 0 0 0 0 0 0 0 0 0 0 0 0 0 0 0 0 0 0 0 0 0 0 0 0 0 0 0 0 0 0 0 0 0 0 0 0 0 0 0 0 0 0 0 0 0 0 0 0 0 0 0 0 0 0 0 0 0 0 0 0 0 0 1 0 0 145 115 1 0 1 0 0 0 0 0 0 0 0 0 0 0 2 0 0 0 0 0 3 0 1 0 0 0 0 0 0 0 255 255 255 255 0 0 0 0 0 0 0 0 data 0 oops 0
ciMethodData java/nio/charset/CharsetEncoder onMalformedInput (Ljava/nio/charset/CodingErrorAction;)Ljava/nio/charset/CharsetEncoder; 1 773 orig 264 104 147 126 93 0 0 0 0 40 157 17 236 247 1 0 0 176 1 0 0 32 0 0 0 0 0 0 0 0 0 0 0 0 0 0 0 0 0 0 0 0 0 0 0 0 0 0 0 0 0 0 0 0 0 0 0 0 0 0 0 0 0 0 0 0 0 0 0 0 0 0 0 0 0 0 0 0 0 0 0 77 68 79 32 101 120 116 114 97 32 100 97 116 97 32 108 111 99 107 0 0 0 0 0 0 0 0 0 0 0 0 0 0 0 0 0 0 0 0 0 0 0 0 0 0 0 0 0 0 0 0 0 0 0 0 0 0 0 0 0 0 0 0 0 0 0 0 0 0 0 0 0 0 0 0 0 0 0 0 0 0 0 0 0 0 0 0 0 0 0 0 0 0 0 0 0 0 0 0 0 0 0 0 0 0 0 0 0 0 0 0 0 0 0 0 0 0 0 0 0 0 0 0 0 0 0 0 0 0 0 0 0 0 0 0 0 38 0 0 0 249 22 0 0 1 0 0 0 0 0 0 0 0 0 0 0 2 0 0 0 0 0 0 0 0 0 0 0 96 0 0 0 255 255 255 255 7 0 1 0 0 0 0 0 data 12 0x10007 0x2df 0x30 0x0 0xa0002 0x0 0x150005 0x0 0x1f7f1ab0010 0x2df 0x0 0x0 oops 1 8 sun/nio/cs/UTF_8$Encoder
ciMethodData java/nio/charset/CharsetEncoder implOnMalformedInput (Ljava/nio/charset/CodingErrorAction;)V 1 773 orig 264 104 147 126 93 0 0 0 0 184 157 17 236 247 1 0 0 40 1 0 0 0 0 0 0 0 0 0 0 0 0 0 0 0 0 0 0 0 0 0 0 0 0 0 0 0 0 0 0 0 0 0 0 0 0 0 0 0 0 0 0 0 0 0 0 0 0 0 0 0 0 0 0 0 0 0 0 0 0 0 0 77 68 79 32 101 120 116 114 97 32 100 97 116 97 32 108 111 99 107 0 0 0 0 0 0 0 0 0 0 0 0 0 0 0 0 0 0 0 0 0 0 0 0 0 0 0 0 0 0 0 0 0 0 0 0 0 0 0 0 0 0 0 0 0 0 0 0 0 0 0 0 0 0 0 0 0 0 0 0 0 0 0 0 0 0 0 0 0 0 0 0 0 0 0 0 0 0 0 0 0 0 0 0 0 0 0 0 0 0 0 0 0 0 0 0 0 0 0 0 0 0 0 0 0 0 0 0 0 0 0 0 0 0 0 0 0 38 0 0 0 249 22 0 0 1 0 0 0 0 0 0 0 0 0 0 0 2 0 0 0 0 0 0 0 0 0 0 0 0 0 0 0 255 255 255 255 0 0 0 0 0 0 0 0 data 0 oops 0
ciMethodData java/nio/charset/CharsetEncoder onUnmappableCharacter (Ljava/nio/charset/CodingErrorAction;)Ljava/nio/charset/CharsetEncoder; 1 773 orig 264 104 147 126 93 0 0 0 0 0 159 17 236 247 1 0 0 176 1 0 0 32 0 0 0 0 0 0 0 0 0 0 0 0 0 0 0 0 0 0 0 0 0 0 0 0 0 0 0 0 0 0 0 0 0 0 0 0 0 0 0 0 0 0 0 0 0 0 0 0 0 0 0 0 0 0 0 0 0 0 0 77 68 79 32 101 120 116 114 97 32 100 97 116 97 32 108 111 99 107 0 0 0 0 0 0 0 0 0 0 0 0 0 0 0 0 0 0 0 0 0 0 0 0 0 0 0 0 0 0 0 0 0 0 0 0 0 0 0 0 0 0 0 0 0 0 0 0 0 0 0 0 0 0 0 0 0 0 0 0 0 0 0 0 0 0 0 0 0 0 0 0 0 0 0 0 0 0 0 0 0 0 0 0 0 0 0 0 0 0 0 0 0 0 0 0 0 0 0 0 0 0 0 0 0 0 0 0 0 0 0 0 0 0 0 0 0 38 0 0 0 249 22 0 0 1 0 0 0 0 0 0 0 0 0 0 0 2 0 0 0 0 0 0 0 0 0 0 0 96 0 0 0 255 255 255 255 7 0 1 0 0 0 0 0 data 12 0x10007 0x2df 0x30 0x0 0xa0002 0x0 0x150005 0x0 0x1f7f1ab0010 0x2df 0x0 0x0 oops 1 8 sun/nio/cs/UTF_8$Encoder
ciMethodData java/nio/charset/CharsetEncoder implOnUnmappableCharacter (Ljava/nio/charset/CodingErrorAction;)V 1 773 orig 264 104 147 126 93 0 0 0 0 144 159 17 236 247 1 0 0 40 1 0 0 0 0 0 0 0 0 0 0 0 0 0 0 0 0 0 0 0 0 0 0 0 0 0 0 0 0 0 0 0 0 0 0 0 0 0 0 0 0 0 0 0 0 0 0 0 0 0 0 0 0 0 0 0 0 0 0 0 0 0 0 77 68 79 32 101 120 116 114 97 32 100 97 116 97 32 108 111 99 107 0 0 0 0 0 0 0 0 0 0 0 0 0 0 0 0 0 0 0 0 0 0 0 0 0 0 0 0 0 0 0 0 0 0 0 0 0 0 0 0 0 0 0 0 0 0 0 0 0 0 0 0 0 0 0 0 0 0 0 0 0 0 0 0 0 0 0 0 0 0 0 0 0 0 0 0 0 0 0 0 0 0 0 0 0 0 0 0 0 0 0 0 0 0 0 0 0 0 0 0 0 0 0 0 0 0 0 0 0 0 0 0 0 0 0 0 0 38 0 0 0 249 22 0 0 1 0 0 0 0 0 0 0 0 0 0 0 2 0 0 0 0 0 0 0 0 0 0 0 0 0 0 0 255 255 255 255 0 0 0 0 0 0 0 0 data 0 oops 0
ciMethodData sun/misc/URLClassPath$JarLoader$1 <init> (Lsun/misc/URLClassPath$JarLoader;)V 1 777 orig 264 104 147 126 93 0 0 0 0 32 230 29 236 247 1 0 0 56 1 0 0 0 0 0 0 0 0 0 0 0 0 0 0 0 0 0 0 0 0 0 0 0 0 0 0 0 0 0 0 0 0 0 0 0 0 0 0 0 0 0 0 0 0 0 0 0 0 0 0 0 0 0 0 0 0 0 0 0 0 0 0 77 68 79 32 101 120 116 114 97 32 100 97 116 97 32 108 111 99 107 0 0 0 0 0 0 0 0 0 0 0 0 0 0 0 0 0 0 0 0 0 0 0 0 0 0 0 0 0 0 0 0 0 0 0 0 0 0 0 0 0 0 0 0 0 0 0 0 0 0 0 0 0 0 0 0 0 0 0 0 0 0 0 0 0 0 0 0 0 0 0 0 0 0 0 0 0 0 0 0 0 0 0 0 0 0 0 0 0 0 0 0 0 0 0 0 0 0 0 0 0 0 0 0 0 0 0 0 0 0 0 0 0 0 0 0 0 82 0 0 0 185 21 0 0 1 0 0 0 0 0 0 0 0 0 0 0 2 0 0 0 0 0 0 0 0 0 0 0 16 0 0 0 255 255 255 255 2 0 6 0 0 0 0 0 data 2 0x60002 0x2b7 oops 0
ciMethodData java/util/zip/ZipFile getZipEntry (Ljava/lang/String;J)Ljava/util/zip/ZipEntry; 1 814 orig 264 104 147 126 93 0 0 0 0 48 108 29 236 247 1 0 0 168 4 0 0 0 3 0 0 0 0 0 0 0 0 0 0 0 0 0 0 0 0 0 0 0 0 0 0 0 0 0 0 0 0 0 0 0 0 0 0 0 0 0 0 0 0 0 0 0 0 0 0 0 0 0 0 0 0 0 0 0 0 0 0 77 68 79 32 101 120 116 114 97 32 100 97 116 97 32 108 111 99 107 0 0 0 0 0 0 0 0 0 0 0 0 0 0 0 0 0 0 0 0 0 0 0 0 0 0 0 0 0 0 0 0 0 0 0 0 0 0 0 0 0 0 0 0 0 0 0 0 0 0 0 0 0 0 0 0 0 0 0 0 0 0 0 0 0 0 0 0 0 0 0 0 0 0 0 0 0 0 0 0 0 0 0 0 0 0 0 0 0 0 0 0 0 0 0 0 0 0 0 0 0 0 0 0 0 0 0 0 0 0 0 0 0 0 0 0 0 118 0 0 0 193 21 0 0 1 0 0 0 0 0 0 0 0 0 0 0 2 0 0 0 0 0 21 0 2 0 0 0 72 3 0 0 255 255 255 255 2 0 4 0 0 0 0 0 data 105 0x40002 0x2b8 0xc0002 0x2b8 0x130007 0x2b8 0x38 0x0 0x1c0003 0x0 0x148 0x210002 0x2b8 0x280007 0x2b8 0x38 0x0 0x320003 0x0 0x100 0x390005 0x81 0x1f7f1a6aca0 0x237 0x0 0x0 0x3c0007 0x2b8 0x88 0x0 0x480007 0x0 0x68 0x0 0x560005 0x0 0x0 0x0 0x0 0x0 0x5c0003 0x0 0x48 0x6a0005 0x81 0x1f7f1a6aca0 0x237 0x0 0x0 0x730002 0x2b8 0x7c0002 0x2b8 0x850002 0x2b8 0x8e0002 0x2b8 0x970002 0x2b8 0xa10002 0x2b8 0xa50005 0x0 0x1f7f1928610 0x2b8 0x0 0x0 0xaa0002 0x2b8 0xb10007 0x0 0x38 0x2b8 0xba0003 0x2b8 0x100 0xc10005 0x0 0x0 0x0 0x0 0x0 0xc40007 0x0 0x88 0x0 0xd00007 0x0 0x68 0x0 0xde0005 0x0 0x0 0x0 0x0 0x0 0xe40003 0x0 0x48 0xf20005 0x0 0x0 0x0 0x0 0x0 oops 3 22 java/util/zip/ZipCoder 45 java/util/zip/ZipCoder 63 java/util/zip/ZipEntry
ciMethodData java/util/zip/ZipEntry <init> ()V 1 814 orig 264 104 147 126 93 0 0 0 0 168 39 32 236 247 1 0 0 48 1 0 0 0 0 0 0 0 0 0 0 0 0 0 0 0 0 0 0 0 0 0 0 0 0 0 0 0 0 0 0 0 0 0 0 0 0 0 0 0 0 0 0 0 0 0 0 0 0 0 0 0 0 0 0 0 0 0 0 0 0 0 0 77 68 79 32 101 120 116 114 97 32 100 97 116 97 32 108 111 99 107 0 0 0 0 0 0 0 0 0 0 0 0 0 0 0 0 0 0 0 0 0 0 0 0 0 0 0 0 0 0 0 0 0 0 0 0 0 0 0 0 0 0 0 0 0 0 0 0 0 0 0 0 0 0 0 0 0 0 0 0 0 0 0 0 0 0 0 0 0 0 0 0 0 0 0 0 0 0 0 0 0 0 0 0 0 0 0 0 0 0 0 0 0 0 0 0 0 0 0 0 0 0 0 0 0 0 0 0 0 0 0 0 0 0 0 0 0 246 0 0 0 193 17 0 0 1 0 0 0 0 0 0 0 0 0 0 0 2 0 0 0 0 0 3 0 2 0 0 0 16 0 0 0 255 255 255 255 2 0 1 0 0 0 0 0 data 2 0x10002 0x238 oops 0
ciMethodData java/util/zip/ZipCoder toStringUTF8 ([BI)Ljava/lang/String; 1 0 orig 264 104 147 126 93 0 0 0 0 232 225 30 236 247 1 0 0 8 2 0 0 112 0 0 0 0 0 0 0 0 0 0 0 0 0 0 0 0 0 0 0 0 0 0 0 0 0 0 0 0 0 0 0 0 0 0 0 0 0 0 0 0 0 0 0 0 0 0 0 0 0 0 0 0 0 0 0 0 0 0 0 77 68 79 32 101 120 116 114 97 32 100 97 116 97 32 108 111 99 107 0 0 0 0 0 0 0 0 0 0 0 0 0 0 0 0 0 0 0 0 0 0 0 0 0 0 0 0 0 0 0 0 0 0 0 0 0 0 0 0 0 0 0 0 0 0 0 0 0 0 0 0 0 0 0 0 0 0 0 0 0 0 0 0 0 0 0 0 0 0 0 0 0 0 0 0 0 0 0 0 0 0 0 0 0 25 0 0 0 0 0 0 0 0 0 0 0 0 0 0 0 0 0 0 0 0 0 0 0 0 0 0 0 0 0 0 0 0 0 0 0 1 0 0 0 1 0 0 0 0 0 0 0 0 0 0 0 2 0 0 0 0 0 0 0 0 0 0 0 176 0 0 0 255 255 255 255 7 0 4 0 0 0 0 0 data 22 0x40007 0x0 0x50 0x0 0xa0005 0x0 0x0 0x0 0x0 0x0 0x120007 0x0 0x30 0x0 0x1d0002 0x0 0x290005 0x0 0x0 0x0 0x0 0x0 oops 0
ciMethodData java/util/zip/ZipCoder toString ([BI)Ljava/lang/String; 1 818 orig 264 104 147 126 93 0 0 0 0 104 222 30 236 247 1 0 0 232 4 0 0 64 3 0 0 0 0 0 0 0 0 0 0 0 0 0 0 0 0 0 0 0 0 0 0 0 0 0 0 0 0 0 0 0 0 0 0 0 0 0 0 0 0 0 0 0 0 0 0 0 0 0 0 0 0 0 0 0 0 0 0 77 68 79 32 101 120 116 114 97 32 100 97 116 97 32 108 111 99 107 0 0 0 0 0 0 0 0 0 0 0 0 0 0 0 0 0 0 0 0 0 0 0 0 0 0 0 0 0 0 0 0 0 0 0 0 0 0 0 0 0 0 0 0 0 0 0 0 0 0 0 0 0 0 0 0 0 0 0 0 0 0 0 0 0 0 0 0 0 0 0 0 0 0 0 0 0 0 0 0 0 0 0 0 0 0 0 0 0 0 0 0 0 0 0 0 0 0 0 0 0 0 0 0 0 0 0 0 0 0 0 0 0 0 0 0 0 246 0 0 0 225 17 0 0 1 0 0 0 0 0 0 0 0 0 0 0 2 0 0 0 0 0 44 0 2 0 0 0 144 3 0 0 255 255 255 255 2 0 1 0 0 0 0 0 data 114 0x10002 0x23c 0x40005 0x81 0x1f7f1575d00 0x1bb 0x0 0x0 0xb0005 0x81 0x1f7f1575d00 0x1bb 0x0 0x0 0x1a0007 0x23c 0x30 0x0 0x230002 0x0 0x2b0007 0x0 0x110 0x23c 0x2f0004 0x0 0x1f7f1575d00 0x23c 0x0 0x0 0x320007 0x0 0xc0 0x23c 0x360004 0x0 0x1f7f1575d00 0x23c 0x0 0x0 0x3e0005 0x0 0x1f7f1575d00 0x23c 0x0 0x0 0x480007 0x23c 0x30 0x0 0x510002 0x0 0x5e0002 0x23c 0x650002 0x0 0x6c0002 0x0 0x770005 0x0 0x0 0x0 0x0 0x0 0x7e0005 0x0 0x0 0x0 0x0 0x0 0x810007 0x0 0x60 0x0 0x8a0005 0x0 0x0 0x0 0x0 0x0 0x8d0002 0x0 0x940005 0x0 0x0 0x0 0x0 0x0 0x9b0005 0x0 0x0 0x0 0x0 0x0 0x9e0007 0x0 0x60 0x0 0xa70005 0x0 0x0 0x0 0x0 0x0 0xaa0002 0x0 0xb70005 0x0 0x0 0x0 0x0 0x0 0xba0002 0x0 oops 5 4 sun/nio/cs/UTF_8$Decoder 10 sun/nio/cs/UTF_8$Decoder 26 sun/nio/cs/UTF_8$Decoder 36 sun/nio/cs/UTF_8$Decoder 42 sun/nio/cs/UTF_8$Decoder
ciMethodData java/util/zip/ZipEntry setExtra0 ([BZ)V 1 818 orig 264 104 147 126 93 0 0 0 0 72 53 32 236 247 1 0 0 112 5 0 0 64 0 0 0 0 0 0 0 0 0 0 0 0 0 0 0 0 0 0 0 0 0 0 0 0 0 0 0 0 0 0 0 0 0 0 0 0 0 0 0 0 0 0 0 0 0 0 0 0 0 0 0 0 0 0 0 0 0 0 0 77 68 79 32 101 120 116 114 97 32 100 97 116 97 32 108 111 99 107 0 0 0 0 0 0 0 0 0 0 0 0 0 0 0 0 0 0 0 0 0 0 0 0 0 0 0 0 0 0 0 0 0 0 0 0 0 0 0 0 0 0 0 0 0 0 0 0 0 0 0 0 0 0 0 0 0 0 0 0 0 0 0 0 0 0 0 0 0 0 0 0 0 0 0 0 0 0 0 0 0 0 0 0 0 0 0 0 0 0 0 0 0 0 0 0 0 0 0 0 0 0 0 0 0 0 0 0 0 0 0 0 0 0 0 0 0 246 0 0 0 225 17 0 0 25 0 0 0 0 0 0 0 0 0 0 0 2 0 0 0 1 0 66 0 2 0 0 0 24 4 0 0 255 255 255 255 7 0 1 0 0 0 0 0 data 131 0x10007 0x227 0x418 0x15 0x80007 0x15 0x30 0x0 0x110002 0x0 0x200007 0x15 0x3c8 0x3 0x250002 0x3 0x2e0002 0x3 0x3c0007 0x3 0x38 0x0 0x3f0003 0x0 0x368 0x440008 0x8 0x0 0x338 0x0 0x50 0x0 0xc8 0x3 0x1f0 0x690007 0x0 0x2e8 0x0 0x700007 0x0 0x2c8 0x0 0x760002 0x0 0x820002 0x0 0x880003 0x0 0x288 0x8f0007 0x0 0x38 0x0 0x920003 0x0 0x250 0x9d0002 0x0 0xa10007 0x0 0x228 0x0 0xa90002 0x0 0xae0007 0x0 0x38 0x0 0xb10003 0x0 0x1d8 0xba0002 0x0 0xbd0002 0x0 0xca0002 0x0 0xcd0002 0x0 0xda0002 0x0 0xdd0002 0x0 0xe30003 0x0 0x160 0xe90002 0x3 0xf50007 0x0 0x60 0x3 0xfe0007 0x0 0x40 0x3 0x1070002 0x3 0x10a0002 0x3 0x1170007 0x0 0x60 0x3 0x1200007 0x3 0x40 0x0 0x1290002 0x0 0x12c0002 0x0 0x1390007 0x3 0x78 0x0 0x1420007 0x0 0x58 0x0 0x14b0002 0x0 0x14e0002 0x0 0x1570003 0x0 0x18 0x15f0003 0x3 0xfffffffffffffc50 oops 0
ciMethodData java/util/Objects requireNonNull (Ljava/lang/Object;Ljava/lang/String;)Ljava/lang/Object; 1 823 orig 264 104 147 126 93 0 0 0 0 128 129 15 236 247 1 0 0 88 1 0 0 0 0 0 0 0 0 0 0 0 0 0 0 0 0 0 0 0 0 0 0 0 0 0 0 0 0 0 0 0 0 0 0 0 0 0 0 0 0 0 0 0 0 0 0 0 0 0 0 0 0 0 0 0 0 0 0 0 0 0 0 77 68 79 32 101 120 116 114 97 32 100 97 116 97 32 108 111 99 107 0 0 0 0 0 0 0 0 0 0 0 0 0 0 0 0 0 0 0 0 0 0 0 0 0 0 0 0 0 0 0 0 0 0 0 0 0 0 0 0 0 0 0 0 0 0 0 0 0 0 0 0 0 0 0 0 0 0 0 0 0 0 0 0 0 0 0 0 0 0 0 0 0 0 0 0 0 0 0 0 0 0 0 0 0 0 0 0 0 0 0 0 0 0 0 0 0 0 0 0 0 0 0 0 0 0 0 0 0 0 0 0 0 0 0 0 0 0 1 0 0 185 17 0 0 1 0 0 0 0 0 0 0 0 0 0 0 2 0 0 0 0 0 5 0 2 0 0 0 48 0 0 0 255 255 255 255 7 0 1 0 0 0 0 0 data 6 0x10007 0x237 0x30 0x0 0x90002 0x0 oops 0
ciMethodData sun/nio/cs/UTF_8 newEncoder ()Ljava/nio/charset/CharsetEncoder; 1 771 orig 264 104 147 126 93 0 0 0 0 184 101 17 236 247 1 0 0 48 1 0 0 0 0 0 0 0 0 0 0 0 0 0 0 0 0 0 0 0 0 0 0 0 0 0 0 0 0 0 0 0 0 0 0 0 0 0 0 0 0 0 0 0 0 0 0 0 0 0 0 0 0 0 0 0 0 0 0 0 0 0 0 77 68 79 32 101 120 116 114 97 32 100 97 116 97 32 108 111 99 107 0 0 0 0 0 0 0 0 0 0 0 0 0 0 0 0 0 0 0 0 0 0 0 0 0 0 0 0 0 0 0 0 0 0 0 0 0 0 0 0 0 0 0 0 0 0 0 0 0 0 0 0 0 0 0 0 0 0 0 0 0 0 0 0 0 0 0 0 0 0 0 0 0 0 0 0 0 0 0 0 0 0 0 0 0 0 0 0 0 0 0 0 0 0 0 0 0 0 0 0 0 0 0 0 0 0 0 0 0 0 0 0 0 0 0 0 0 0 1 0 0 25 16 0 0 1 0 0 0 0 0 0 0 0 0 0 0 2 0 0 0 0 0 3 0 2 0 0 0 16 0 0 0 255 255 255 255 2 0 6 0 0 0 0 0 data 2 0x60002 0x203 oops 0
ciMethodData sun/nio/cs/UTF_8$Encoder <init> (Ljava/nio/charset/Charset;Lsun/nio/cs/UTF_8$1;)V 1 771 orig 264 104 147 126 93 0 0 0 0 80 135 17 236 247 1 0 0 64 1 0 0 0 0 0 0 0 0 0 0 0 0 0 0 0 0 0 0 0 0 0 0 0 0 0 0 0 0 0 0 0 0 0 0 0 0 0 0 0 0 0 0 0 0 0 0 0 0 0 0 0 0 0 0 0 0 0 0 0 0 0 0 77 68 79 32 101 120 116 114 97 32 100 97 116 97 32 108 111 99 107 0 0 0 0 0 0 0 0 0 0 0 0 0 0 0 0 0 0 0 0 0 0 0 0 0 0 0 0 0 0 0 0 0 0 0 0 0 0 0 0 0 0 0 0 0 0 0 0 0 0 0 0 0 0 0 0 0 0 0 0 0 0 0 0 0 0 0 0 0 0 0 0 0 0 0 0 0 0 0 0 0 0 0 0 0 17 0 0 0 0 0 0 0 4 0 0 0 0 0 0 0 4 0 0 0 0 0 0 0 0 0 0 0 0 0 0 0 0 1 0 0 25 16 0 0 1 0 0 0 0 0 0 0 0 0 0 0 2 0 0 0 0 0 3 0 2 0 0 0 16 0 0 0 255 255 255 255 2 0 2 0 0 0 0 0 data 2 0x20002 0x203 oops 0
compile sun/misc/URLClassPath$JarLoader getResource (Ljava/lang/String;Z)Lsun/misc/Resource; -1 4 inline 42 0 -1 sun/misc/URLClassPath$JarLoader getResource (Ljava/lang/String;Z)Lsun/misc/Resource; 1 12 sun/misc/MetaIndex mayContain (Ljava/lang/String;)Z 2 10 java/lang/String endsWith (Ljava/lang/String;)Z 3 13 java/lang/String startsWith (Ljava/lang/String;I)Z 2 35 java/lang/String startsWith (Ljava/lang/String;)Z 3 3 java/lang/String startsWith (Ljava/lang/String;I)Z 1 21 sun/misc/URLClassPath$JarLoader ensureOpen ()V 2 12 sun/misc/URLClassPath$JarLoader$1 <init> (Lsun/misc/URLClassPath$JarLoader;)V 3 6 java/lang/Object <init> ()V 1 42 java/util/jar/JarFile getJarEntry (Ljava/lang/String;)Ljava/util/jar/JarEntry; 2 2 java/util/jar/JarFile getEntry (Ljava/lang/String;)Ljava/util/zip/ZipEntry; 3 2 java/util/zip/ZipFile getEntry (Ljava/lang/String;)Ljava/util/zip/ZipEntry; 4 22 java/util/zip/ZipFile ensureOpen ()V 4 34 java/util/zip/ZipCoder getBytes (Ljava/lang/String;)[B 5 1 java/util/zip/ZipCoder encoder ()Ljava/nio/charset/CharsetEncoder; 6 12 sun/nio/cs/UTF_8 newEncoder ()Ljava/nio/charset/CharsetEncoder; 6 18 java/nio/charset/CharsetEncoder onMalformedInput (Ljava/nio/charset/CodingErrorAction;)Ljava/nio/charset/CharsetEncoder; 7 21 java/nio/charset/CharsetEncoder implOnMalformedInput (Ljava/nio/charset/CodingErrorAction;)V 6 24 java/nio/charset/CharsetEncoder onUnmappableCharacter (Ljava/nio/charset/CodingErrorAction;)Ljava/nio/charset/CharsetEncoder; 7 21 java/nio/charset/CharsetEncoder implOnUnmappableCharacter (Ljava/nio/charset/CodingErrorAction;)V 5 4 java/nio/charset/CharsetEncoder reset ()Ljava/nio/charset/CharsetEncoder; 6 1 java/nio/charset/CharsetEncoder implReset ()V 5 9 java/lang/String toCharArray ()[C 5 17 java/nio/charset/CharsetEncoder maxBytesPerChar ()F 5 89 java/util/Arrays copyOf ([BI)[B 4 57 java/util/zip/ZipFile getZipEntry (Ljava/lang/String;J)Ljava/util/zip/ZipEntry; 5 4 java/util/zip/ZipEntry <init> ()V 6 1 java/lang/Object <init> ()V 5 57 java/util/zip/ZipCoder isUTF8 ()Z 5 193 java/util/zip/ZipCoder isUTF8 ()Z 3 16 java/util/jar/JarFile$JarFileEntry <init> (Ljava/util/jar/JarFile;Ljava/util/zip/ZipEntry;)V 4 7 java/util/jar/JarEntry <init> (Ljava/util/zip/ZipEntry;)V 5 2 java/util/zip/ZipEntry <init> (Ljava/util/zip/ZipEntry;)V 6 1 java/lang/Object <init> ()V 6 45 java/util/Objects requireNonNull (Ljava/lang/Object;Ljava/lang/String;)Ljava/lang/Object; 1 71 java/util/HashSet <init> ()V 2 1 java/util/AbstractSet <init> ()V 3 1 java/util/AbstractCollection <init> ()V 4 1 java/lang/Object <init> ()V 2 9 java/util/HashMap <init> ()V 3 1 java/util/AbstractMap <init> ()V 4 1 java/lang/Object <init> ()V
